{"type":"FeatureCollection","periodo":"ene-ago 2026","escala":"estatal","features":[{"type":"Feature","geometry":{"type":"Polygon","coordinates":[[[-102.6935,22.1047],[-102.7558,22.0737],[-102.761,22.0463],[-102.7816,22.0286],[-102.8055,21.9963],[-102.8435,21.9264],[-102.8556,21.8845],[-102.8684,21.8605],[-102.8581,21.8332],[-102.8473,21.8334],[-102.8533,21.7991],[-102.8324,21.7979],[-102.8169,21.7665],[-102.7923,21.755],[-102.7453,21.7201],[-102.7228,21.7191],[-102.6963,21.7288],[-102.6907,21.7524],[-102.6713,21.7625],[-102.6335,21.7673],[-102.5963,21.744],[-102.5831,21.7439],[-102.5552,21.7436],[-102.5425,21.7326],[-102.4684,21.6979],[-102.4569,21.6981],[-102.4415,21.6734],[-102.4196,21.6694],[-102.3844,21.6519],[-102.3257,21.6223],[-102.3102,21.6266],[-102.2954,21.6531],[-102.227,21.6568],[-102.2143,21.6948],[-102.1779,21.6882],[-102.1714,21.707],[-102.1421,21.7054],[-102.1047,21.7519],[-102.0887,21.7671],[-102.0946,21.7777],[-102.0645,21.7962],[-102.0551,21.8164],[-102.0417,21.8231],[-102.0384,21.8532],[-102.02,21.8625],[-101.9412,21.8895],[-101.8802,21.9101],[-101.838,21.9073],[-101.8353,21.9418],[-101.8723,21.9465],[-101.8978,21.9584],[-101.8913,21.9766],[-101.8638,21.99],[-101.8617,22.0289],[-101.8643,22.0415],[-101.9676,22.1112],[-101.986,22.1208],[-102.0259,22.1298],[-102.0171,22.154],[-102.001,22.1681],[-101.9994,22.2195],[-102.0025,22.2414],[-102.022,22.2443],[-102.03,22.2855],[-102.0756,22.3061],[-102.0896,22.289],[-102.1241,22.287],[-102.1532,22.2904],[-102.1498,22.3472],[-102.1621,22.3485],[-102.189,22.3624],[-102.212,22.3727],[-102.2532,22.3745],[-102.2503,22.3872],[-102.2709,22.4118],[-102.2899,22.42],[-102.2983,22.4596],[-102.3118,22.4569],[-102.321,22.4183],[-102.3214,22.3885],[-102.3593,22.385],[-102.3784,22.3609],[-102.3879,22.3641],[-102.4656,22.3502],[-102.4712,22.3363],[-102.4622,22.3228],[-102.4702,22.3092],[-102.5013,22.3043],[-102.527,22.2909],[-102.6121,22.2915],[-102.6687,22.2919],[-102.67,22.2457],[-102.6414,22.2284],[-102.6458,22.2043],[-102.6759,22.1756],[-102.6694,22.1596],[-102.6863,22.137],[-102.6935,22.1047]]]},"properties":{"cve":"01","municipio":"","estado":"Aguascalientes","robos":2,"con_violencia":2,"indice":3.0,"nivel":1,"periodo":"ene-ago 2026","escala":"estatal"}},{"type":"Feature","geometry":{"type":"MultiPolygon","coordinates":[[[[-114.7465,31.8019],[-114.7697,31.8168],[-114.7999,31.8126],[-114.8002,31.7631],[-114.7918,31.731],[-114.7639,31.7057],[-114.7299,31.6953],[-114.7175,31.6812],[-114.688,31.6869],[-114.6682,31.6763],[-114.6498,31.6821],[-114.6687,31.7188],[-114.7174,31.7517],[-114.7393,31.777],[-114.7465,31.8019]]],[[[-114.8136,32.4939],[-114.8032,32.53],[-114.8123,32.5622],[-114.8013,32.5884],[-114.809,32.6169],[-114.7854,32.6224],[-114.7502,32.6617],[-114.7461,32.676],[-114.7197,32.7187],[-115.0997,32.6931],[-115.3845,32.6732],[-115.8793,32.6361],[-116.0898,32.6197],[-116.4003,32.5949],[-116.7388,32.5668],[-117.1245,32.5343],[-117.1241,32.4924],[-117.1125,32.45],[-117.0964,32.4156],[-117.091,32.3978],[-117.0545,32.3296],[-117.0403,32.2882],[-117.0241,32.2684],[-116.9571,32.2519],[-116.9356,32.2419],[-116.9223,32.226],[-116.9129,32.186],[-116.8892,32.1347],[-116.8845,32.0883],[-116.8812,32.0676],[-116.8871,32.0344],[-116.881,32.0187],[-116.8492,31.9871],[-116.8299,31.9786],[-116.7995,31.9821],[-116.7633,31.964],[-116.7566,31.945],[-116.7564,31.9143],[-116.7463,31.9021],[-116.7219,31.9026],[-116.6994,31.8948],[-116.6771,31.8692],[-116.6568,31.8613],[-116.6264,31.8602],[-116.6121,31.8395],[-116.612,31.8021],[-116.6199,31.7829],[-116.6102,31.77],[-116.6218,31.7496],[-116.6547,31.7233],[-116.6722,31.719],[-116.7243,31.7481],[-116.7434,31.7433],[-116.6966,31.7161],[-116.6499,31.6645],[-116.6676,31.6179],[-116.6538,31.5792],[-116.6743,31.5788],[-116.6881,31.5604],[-116.6655,31.5487],[-116.6595,31.5291],[-116.6087,31.4972],[-116.5953,31.4614],[-116.5638,31.4613],[-116.5255,31.437],[-116.5006,31.4108],[-116.4854,31.3749],[-116.4525,31.3314],[-116.4402,31.325],[-116.4154,31.2951],[-116.3927,31.2838],[-116.3659,31.2502],[-116.3399,31.2076],[-116.3346,31.1915],[-116.3095,31.1525],[-116.3131,31.0969],[-116.3303,31.0109],[-116.3387,30.9853],[-116.3305,30.9593],[-116.3189,30.9557],[-116.2853,30.9693],[-116.2675,30.9651],[-116.2443,30.9326],[-116.2215,30.9178],[-116.2006,30.8824],[-116.1762,30.8627],[-116.1408,30.8543],[-116.1066,30.8236],[-116.0866,30.8218],[-116.0644,30.8071],[-116.0526,30.7825],[-116.0468,30.7189],[-116.0323,30.6962],[-116.0281,30.6648],[-116.0294,30.6043],[-116.0346,30.5561],[-116.0485,30.4725],[-116.0359,30.458],[-116.0321,30.4369],[-116.017,30.4287],[-116.0067,30.3977],[-116.0014,30.3599],[-115.9796,30.3648],[-115.9964,30.3871],[-115.9947,30.4066],[-116.0149,30.431],[-116.0224,30.4502],[-116.0033,30.4542],[-115.9842,30.4314],[-115.9713,30.4269],[-115.9522,30.464],[-115.9432,30.4442],[-115.9438,30.4037],[-115.9006,30.3928],[-115.8524,30.3596],[-115.8341,30.3386],[-115.8025,30.2782],[-115.7953,30.2387],[-115.7949,30.1951],[-115.8029,30.1522],[-115.7813,30.0909],[-115.7863,30.0579],[-115.8052,29.9732],[-115.7883,29.9594],[-115.7429,29.9479],[-115.7021,29.9003],[-115.6858,29.8423],[-115.6865,29.8075],[-115.6983,29.7556],[-115.6787,29.7439],[-115.6212,29.6965],[-115.5807,29.6888],[-115.5636,29.6635],[-115.5039,29.6163],[-115.4784,29.6268],[-115.4453,29.6185],[-115.3786,29.5581],[-115.3409,29.5558],[-115.2978,29.5402],[-115.2555,29.5176],[-115.214,29.4761],[-115.1914,29.4297],[-115.1538,29.4207],[-115.0814,29.4183],[-115.029,29.3973],[-115.013,29.3864],[-114.9813,29.382],[-114.9497,29.3596],[-114.9113,29.3151],[-114.8853,29.2954],[-114.8303,29.2411],[-114.8126,29.2136],[-114.7859,29.1971],[-114.7686,29.1965],[-114.7453,29.1829],[-114.7356,29.1613],[-114.7343,29.1354],[-114.7184,29.1168],[-114.6681,29.1101],[-114.6521,29.0967],[-114.6273,29.0902],[-114.6087,29.0575],[-114.5991,28.9992],[-114.6013,28.986],[-114.5625,28.9704],[-114.5487,28.9555],[-114.5364,28.9278],[-114.4891,28.9321],[-114.4511,28.9078],[-114.4374,28.8806],[-114.4193,28.8811],[-114.4059,28.8613],[-114.3968,28.8161],[-114.3773,28.8134],[-114.3634,28.7996],[-114.3597,28.7799],[-114.3438,28.7572],[-114.3453,28.7349],[-114.3149,28.7262],[-114.2959,28.7039],[-114.2717,28.6925],[-114.2692,28.66],[-114.2376,28.6667],[-114.1838,28.6571],[-114.1639,28.6406],[-114.1554,28.6129],[-114.1614,28.5693],[-114.1322,28.5631],[-114.0962,28.546],[-114.0863,28.5226],[-114.0691,28.5138],[-114.0692,28.4885],[-114.0458,28.465],[-114.0474,28.4426],[-114.064,28.387],[-114.0909,28.3228],[-114.1241,28.2557],[-114.1154,28.243],[-114.094,28.242],[-114.0723,28.2616],[-114.0524,28.2239],[-114.0476,28.1899],[-114.039,28.1707],[-114.0505,28.1478],[-114.054,28.1233],[-114.0404,28.0907],[-114.0609,28.0822],[-114.0761,28.115],[-114.077,28.1457],[-114.061,28.1714],[-114.0729,28.1852],[-114.1098,28.1202],[-114.1005,28.1076],[-114.1018,28.074],[-114.0784,28.0546],[-114.0876,28.0248],[-114.1354,28.0295],[-114.1151,28.0483],[-114.1193,28.0811],[-114.1382,28.0841],[-114.2054,28],[-113.9167,28],[-113.5,28],[-113.0667,28],[-112.7648,28],[-112.7821,28.0025],[-112.8039,28.0237],[-112.8028,28.0455],[-112.7893,28.0662],[-112.8029,28.0842],[-112.8126,28.1206],[-112.8103,28.1475],[-112.7962,28.1873],[-112.8098,28.2163],[-112.8394,28.2498],[-112.8726,28.2808],[-112.8756,28.3092],[-112.8695,28.3368],[-112.8493,28.3821],[-112.8598,28.4041],[-112.849,28.4216],[-112.8803,28.4344],[-112.8745,28.4503],[-112.9036,28.4751],[-112.9658,28.4578],[-113.0012,28.4545],[-113.0355,28.4672],[-113.0388,28.4748],[-113.0758,28.4854],[-113.1078,28.5113],[-113.1126,28.5482],[-113.1309,28.602],[-113.1303,28.6364],[-113.1588,28.6601],[-113.1937,28.7435],[-113.1964,28.7918],[-113.2129,28.804],[-113.2156,28.8186],[-113.2336,28.8355],[-113.2603,28.8405],[-113.3121,28.8034],[-113.3502,28.803],[-113.3707,28.8372],[-113.366,28.8703],[-113.3921,28.9125],[-113.3868,28.9402],[-113.4142,28.9237],[-113.4322,28.9518],[-113.4813,28.9419],[-113.4871,28.9274],[-113.4719,28.9122],[-113.478,28.8964],[-113.4948,28.8901],[-113.5242,28.8921],[-113.5577,28.9481],[-113.5447,28.9621],[-113.5471,28.9849],[-113.5611,29],[-113.5607,29.0233],[-113.5387,29.058],[-113.5673,29.0948],[-113.5671,29.1077],[-113.5933,29.1304],[-113.6083,29.1575],[-113.643,29.1843],[-113.6545,29.2059],[-113.6528,29.2244],[-113.6256,29.2527],[-113.6387,29.2847],[-113.6952,29.3249],[-113.726,29.3668],[-113.7517,29.383],[-113.7722,29.4097],[-113.8319,29.435],[-113.8358,29.4556],[-113.8625,29.4624],[-113.8967,29.4848],[-113.9431,29.5242],[-113.9959,29.5778],[-114.0209,29.5808],[-114.0474,29.5976],[-114.064,29.6295],[-114.1104,29.6528],[-114.1489,29.6939],[-114.1814,29.7081],[-114.2205,29.746],[-114.2446,29.7631],[-114.2704,29.7704],[-114.2925,29.7673],[-114.2961,29.7421],[-114.3424,29.7466],[-114.3456,29.7604],[-114.3903,29.7814],[-114.3945,29.8097],[-114.4148,29.8561],[-114.4092,29.8787],[-114.4294,29.9059],[-114.4729,29.9153],[-114.4828,29.9432],[-114.4943,29.9529],[-114.5341,29.9682],[-114.5512,30.0018],[-114.5652,30.0114],[-114.5833,30.0522],[-114.5854,30.0768],[-114.6079,30.1116],[-114.6275,30.1195],[-114.6352,30.1429],[-114.6688,30.198],[-114.6505,30.2253],[-114.652,30.2416],[-114.6401,30.2576],[-114.6561,30.2791],[-114.6471,30.3044],[-114.6443,30.3369],[-114.6348,30.3495],[-114.6435,30.3775],[-114.6305,30.4193],[-114.6387,30.4589],[-114.631,30.4775],[-114.634,30.5026],[-114.6488,30.527],[-114.6526,30.5573],[-114.6768,30.5874],[-114.6989,30.6359],[-114.6945,30.678],[-114.7054,30.7123],[-114.6932,30.7446],[-114.7002,30.7698],[-114.6974,30.8185],[-114.7096,30.8485],[-114.7042,30.8625],[-114.7097,30.9051],[-114.7179,30.9319],[-114.7363,30.9461],[-114.786,30.9662],[-114.8187,30.984],[-114.8341,31.0017],[-114.8316,31.0254],[-114.8117,31.044],[-114.833,31.0665],[-114.8701,31.0937],[-114.8856,31.1236],[-114.8909,31.1528],[-114.8813,31.2362],[-114.8934,31.2663],[-114.8785,31.3405],[-114.8571,31.3896],[-114.8732,31.4005],[-114.8599,31.436],[-114.8533,31.4686],[-114.8625,31.5327],[-114.8554,31.5839],[-114.8372,31.5945],[-114.8354,31.6175],[-114.8137,31.6077],[-114.7923,31.6153],[-114.7841,31.6384],[-114.7905,31.6733],[-114.8078,31.6981],[-114.8218,31.7363],[-114.821,31.7605],[-114.8103,31.7863],[-114.8069,31.8167],[-114.8257,31.8288],[-114.8432,31.8636],[-114.9067,31.8673],[-114.9148,31.8822],[-114.9392,31.8921],[-114.9471,31.9118],[-114.9655,31.9184],[-114.9674,31.9969],[-114.957,32.0386],[-114.9897,32.1464],[-114.9753,32.178],[-115.0414,32.2324],[-115.053,32.2452],[-115.0427,32.2701],[-115.0076,32.3054],[-114.9656,32.341],[-114.9632,32.3767],[-114.9538,32.397],[-114.9609,32.4107],[-114.9316,32.4411],[-114.935,32.4819],[-114.9001,32.4835],[-114.8802,32.492],[-114.8491,32.4734],[-114.8157,32.4833],[-114.8136,32.4939]]],[[[-115.2163,28.3777],[-115.2416,28.3567],[-115.2506,28.3394],[-115.2478,28.3156],[-115.262,28.3004],[-115.2579,28.2734],[-115.238,28.2315],[-115.253,28.2068],[-115.3162,28.1378],[-115.3517,28.1158],[-115.3556,28.0767],[-115.3044,28.0951],[-115.2839,28.0902],[-115.2657,28.0732],[-115.2508,28.0357],[-115.2236,28.0341],[-115.1809,28.0404],[-115.1864,28.104],[-115.1576,28.1426],[-115.1564,28.1793],[-115.1724,28.2092],[-115.1733,28.2262],[-115.1638,28.2604],[-115.1765,28.3101],[-115.1962,28.3357],[-115.1943,28.3604],[-115.2163,28.3777]]],[[[-112.8923,28.6783],[-112.8666,28.6525],[-112.7989,28.6106],[-112.7893,28.5873],[-112.7722,28.5769],[-112.758,28.5858],[-112.7658,28.6034],[-112.803,28.6358],[-112.8599,28.6724],[-112.8923,28.6783]]],[[[-113.511,29.0963],[-113.5273,29.0955],[-113.5094,29.06],[-113.5023,29.0889],[-113.511,29.0963]]],[[[-118.2619,29.1833],[-118.2702,29.1886],[-118.2949,29.1715],[-118.334,29.1694],[-118.3651,29.1462],[-118.3512,29.1148],[-118.3647,29.0775],[-118.344,29.0658],[-118.3171,29.0378],[-118.3029,28.9718],[-118.2909,28.9608],[-118.2956,28.9388],[-118.2828,28.8933],[-118.2609,28.8835],[-118.2459,28.8946],[-118.2281,28.9215],[-118.2243,28.9558],[-118.2295,28.9961],[-118.2217,29.0141],[-118.2281,29.062],[-118.2534,29.0945],[-118.2768,29.1037],[-118.2882,29.1444],[-118.2619,29.1833]]],[[[-113.5146,29.5516],[-113.556,29.5341],[-113.5779,29.4682],[-113.5923,29.451],[-113.5882,29.4089],[-113.5699,29.4001],[-113.5314,29.3518],[-113.5255,29.3348],[-113.5102,29.3259],[-113.4943,29.2842],[-113.4428,29.2757],[-113.4044,29.2095],[-113.3633,29.187],[-113.3536,29.1708],[-113.3007,29.1451],[-113.2656,29.1066],[-113.244,29.0671],[-113.2004,29.048],[-113.1886,29.0284],[-113.1546,29.015],[-113.1157,28.9886],[-113.1152,29.0286],[-113.1016,29.0556],[-113.1484,29.0662],[-113.1538,29.0937],[-113.1748,29.131],[-113.1724,29.1969],[-113.1786,29.2489],[-113.168,29.2794],[-113.1835,29.2896],[-113.2072,29.2847],[-113.2395,29.2887],[-113.2555,29.2828],[-113.2822,29.2888],[-113.3406,29.2947],[-113.3651,29.3067],[-113.3763,29.3458],[-113.352,29.3873],[-113.3613,29.393],[-113.3954,29.4602],[-113.4254,29.4739],[-113.4315,29.4924],[-113.479,29.5321],[-113.5128,29.5416],[-113.5146,29.5516]]],[[[-114.4172,29.9879],[-114.4233,29.9687],[-114.4114,29.9583],[-114.3919,29.9626],[-114.4023,29.9831],[-114.4172,29.9879]]],[[[-114.7451,31.5305],[-114.7546,31.5519],[-114.7725,31.5329],[-114.7451,31.5305]]]]},"properties":{"cve":"02","municipio":"","estado":"Baja California","robos":16,"con_violencia":9,"indice":20.5,"nivel":1,"periodo":"ene-ago 2026","escala":"estatal"}},{"type":"Feature","geometry":{"type":"MultiPolygon","coordinates":[[[[-110.6921,25.3052],[-110.7122,25.3056],[-110.7315,25.292],[-110.7267,25.2599],[-110.7105,25.268],[-110.6921,25.3052]]],[[[-110.9207,25.203],[-110.934,25.2155],[-110.9452,25.2534],[-110.9351,25.2914],[-110.9464,25.3126],[-110.9796,25.3413],[-110.9873,25.3708],[-111.0004,25.3875],[-111.0042,25.4155],[-111.024,25.4428],[-111.0192,25.4621],[-111.0214,25.5023],[-111.0307,25.5171],[-111.0621,25.5127],[-111.0795,25.5253],[-111.1157,25.5252],[-111.1423,25.5498],[-111.145,25.5655],[-111.1645,25.5731],[-111.1938,25.6145],[-111.2006,25.6551],[-111.2163,25.6927],[-111.2118,25.7025],[-111.2253,25.7261],[-111.245,25.7228],[-111.2599,25.7446],[-111.2782,25.7502],[-111.3061,25.7733],[-111.317,25.8174],[-111.3312,25.8395],[-111.3411,25.8734],[-111.3369,25.9082],[-111.3552,25.9288],[-111.3585,25.9613],[-111.3407,25.9832],[-111.3372,26.0019],[-111.3457,26.0263],[-111.319,26.0692],[-111.3239,26.0998],[-111.3444,26.1113],[-111.3549,26.1291],[-111.3652,26.1749],[-111.3783,26.1861],[-111.3788,26.2193],[-111.3975,26.2548],[-111.395,26.2767],[-111.383,26.2806],[-111.3863,26.3213],[-111.4056,26.3466],[-111.4241,26.3501],[-111.4214,26.373],[-111.4623,26.4016],[-111.4696,26.4157],[-111.4724,26.4568],[-111.4552,26.4892],[-111.4508,26.5164],[-111.4634,26.5327],[-111.4993,26.5299],[-111.5612,26.5557],[-111.5695,26.5711],[-111.5643,26.6167],[-111.5679,26.6651],[-111.5607,26.6949],[-111.5724,26.7081],[-111.6077,26.7191],[-111.6274,26.7399],[-111.646,26.7445],[-111.6673,26.7736],[-111.723,26.809],[-111.7481,26.846],[-111.8085,26.8872],[-111.8171,26.8968],[-111.8396,26.8821],[-111.8449,26.855],[-111.8269,26.8277],[-111.8236,26.7845],[-111.8083,26.7157],[-111.7967,26.6913],[-111.767,26.6774],[-111.677,26.5871],[-111.693,26.5663],[-111.7392,26.5379],[-111.7644,26.5495],[-111.7846,26.5719],[-111.8067,26.6264],[-111.8375,26.6387],[-111.8507,26.651],[-111.8537,26.6772],[-111.8662,26.6959],[-111.898,26.7159],[-111.9073,26.7312],[-111.8914,26.7484],[-111.8913,26.7633],[-111.8616,26.7846],[-111.8729,26.8319],[-111.9121,26.8582],[-111.9124,26.8734],[-111.9376,26.8834],[-111.9588,26.9023],[-111.9755,26.9359],[-112.0098,26.9614],[-112.0158,26.9852],[-112.0064,27.0332],[-111.9876,27.057],[-111.948,27.0791],[-111.9727,27.0978],[-111.9915,27.0961],[-112.0089,27.1163],[-112.0861,27.1309],[-112.1128,27.1409],[-112.1361,27.1596],[-112.1577,27.1619],[-112.2154,27.2136],[-112.1997,27.2459],[-112.2172,27.2809],[-112.2313,27.2962],[-112.2394,27.3228],[-112.2613,27.3325],[-112.2704,27.3578],[-112.2862,27.3639],[-112.3022,27.3839],[-112.2988,27.4004],[-112.3155,27.4247],[-112.3221,27.452],[-112.3235,27.491],[-112.3313,27.5156],[-112.3566,27.5366],[-112.3717,27.5629],[-112.3927,27.5711],[-112.4236,27.5921],[-112.4678,27.5992],[-112.475,27.6132],[-112.5308,27.6382],[-112.5964,27.6512],[-112.6017,27.669],[-112.6217,27.6768],[-112.6427,27.7096],[-112.6593,27.7087],[-112.7012,27.7514],[-112.7156,27.785],[-112.716,27.8116],[-112.7716,27.8632],[-112.7613,27.8967],[-112.7672,27.9372],[-112.7573,27.9737],[-112.7648,28],[-113.0667,28],[-113.5,28],[-113.9167,28],[-114.2054,28],[-114.2744,27.9285],[-114.2746,27.9032],[-114.2638,27.8875],[-114.2333,27.9172],[-114.1836,27.9226],[-114.1587,27.9016],[-114.1327,27.8971],[-114.1292,27.8824],[-114.1682,27.839],[-114.1772,27.7994],[-114.159,27.7762],[-114.1478,27.7479],[-114.1464,27.7262],[-114.1262,27.7127],[-114.0993,27.7153],[-114.0754,27.7322],[-114.0468,27.7363],[-114.0527,27.7658],[-114.0751,27.7968],[-114.0558,27.8002],[-114.031,27.7432],[-113.9983,27.7598],[-113.9819,27.7593],[-113.9484,27.7336],[-113.9202,27.719],[-113.9262,27.6783],[-113.9617,27.6549],[-114.0195,27.6608],[-114.0599,27.638],[-114.091,27.6105],[-114.0907,27.5891],[-114.1265,27.5988],[-114.1502,27.6602],[-114.1749,27.6802],[-114.2008,27.6913],[-114.2402,27.6957],[-114.2752,27.7306],[-114.2987,27.7479],[-114.3177,27.7825],[-114.3091,27.7964],[-114.2963,27.8662],[-114.3093,27.8728],[-114.3368,27.8664],[-114.3249,27.8375],[-114.3317,27.8108],[-114.3576,27.8146],[-114.3849,27.8061],[-114.4097,27.8155],[-114.4856,27.7762],[-114.5033,27.7725],[-114.5326,27.7861],[-114.5661,27.7843],[-114.6056,27.7739],[-114.6599,27.7813],[-114.6686,27.789],[-114.7026,27.7882],[-114.7196,27.8037],[-114.7625,27.806],[-114.7889,27.8154],[-114.827,27.8091],[-114.8529,27.8265],[-114.9242,27.8343],[-114.9759,27.8252],[-115.0091,27.8288],[-115.0416,27.8567],[-115.0631,27.8592],[-115.082,27.8466],[-115.0522,27.8202],[-115.0358,27.7835],[-115.0316,27.7597],[-115.002,27.7175],[-114.9909,27.7288],[-114.9449,27.7105],[-114.9338,27.678],[-114.9016,27.6643],[-114.8927,27.6907],[-114.8751,27.699],[-114.8459,27.6741],[-114.8475,27.6469],[-114.8304,27.6311],[-114.8117,27.6266],[-114.782,27.6042],[-114.7661,27.5766],[-114.7577,27.5473],[-114.7379,27.5242],[-114.7123,27.5211],[-114.6685,27.5063],[-114.6329,27.4875],[-114.5969,27.4762],[-114.576,27.4514],[-114.562,27.449],[-114.5269,27.429],[-114.4996,27.3918],[-114.487,27.3329],[-114.4848,27.2628],[-114.4881,27.2296],[-114.4769,27.2167],[-114.4578,27.2203],[-114.4318,27.2059],[-114.416,27.1689],[-114.3923,27.1825],[-114.3622,27.1629],[-114.3414,27.1598],[-114.304,27.1338],[-114.28,27.1482],[-114.2434,27.151],[-114.1814,27.1384],[-114.1253,27.1117],[-114.0883,27.084],[-114.0623,27.0533],[-114.0535,27.0221],[-114.0397,27.0129],[-114.0033,26.9724],[-113.9869,26.9731],[-113.9759,26.9932],[-113.9437,26.9987],[-113.8791,26.9822],[-113.828,26.9542],[-113.7947,26.9267],[-113.7689,26.8882],[-113.742,26.827],[-113.7368,26.8033],[-113.7163,26.7909],[-113.6874,26.7941],[-113.6658,26.7815],[-113.662,26.7598],[-113.6429,26.733],[-113.6064,26.7127],[-113.5771,26.7048],[-113.5476,26.7185],[-113.5464,26.7408],[-113.5233,26.7509],[-113.5059,26.7928],[-113.4722,26.8014],[-113.4852,26.8194],[-113.4655,26.8295],[-113.417,26.8326],[-113.4222,26.8067],[-113.3687,26.7975],[-113.3178,26.7748],[-113.282,26.7511],[-113.2655,26.7562],[-113.2715,26.7873],[-113.269,26.8188],[-113.2525,26.8455],[-113.2234,26.8375],[-113.2041,26.8501],[-113.1965,26.8955],[-113.2019,26.9191],[-113.188,26.9681],[-113.1693,26.9796],[-113.1501,26.9704],[-113.1384,26.9365],[-113.1316,26.8925],[-113.1383,26.858],[-113.1807,26.8219],[-113.187,26.8096],[-113.2156,26.79],[-113.2362,26.7875],[-113.2102,26.7627],[-113.1731,26.7672],[-113.1714,26.7943],[-113.1502,26.7766],[-113.1504,26.7552],[-113.1295,26.7255],[-113.114,26.7153],[-113.073,26.6602],[-113.0593,26.6496],[-113.0763,26.6285],[-113.1113,26.6593],[-113.128,26.6337],[-113.1065,26.6299],[-113.0737,26.6106],[-113.0341,26.5713],[-112.9964,26.5461],[-112.9816,26.5305],[-112.9684,26.5359],[-112.9305,26.5368],[-112.9036,26.5286],[-112.8415,26.4824],[-112.8436,26.4764],[-112.8961,26.504],[-112.8995,26.5184],[-112.9241,26.5307],[-112.9584,26.5212],[-112.9001,26.4909],[-112.8157,26.4241],[-112.7899,26.4059],[-112.7406,26.378],[-112.711,26.3566],[-112.6848,26.3258],[-112.6533,26.3252],[-112.6306,26.3183],[-112.614,26.3021],[-112.5419,26.2621],[-112.4969,26.2315],[-112.4776,26.2392],[-112.4737,26.2587],[-112.4515,26.2617],[-112.4104,26.2453],[-112.3965,26.2348],[-112.3546,26.1898],[-112.328,26.1453],[-112.3137,26.1064],[-112.309,26.0726],[-112.2952,26.0575],[-112.2791,26.0603],[-112.2343,26.0353],[-112.193,25.9875],[-112.1773,25.9504],[-112.1615,25.896],[-112.143,25.8616],[-112.1286,25.814],[-112.1127,25.7931],[-112.1015,25.7492],[-112.0979,25.683],[-112.0976,25.5922],[-112.1029,25.5163],[-112.0973,25.4889],[-112.107,25.485],[-112.1053,25.4323],[-112.1164,25.365],[-112.1395,25.2969],[-112.1248,25.2819],[-112.1392,25.2548],[-112.1446,25.2243],[-112.1692,25.1341],[-112.1987,25.0344],[-112.2368,24.9322],[-112.2791,24.8312],[-112.3045,24.7956],[-112.2731,24.7721],[-112.2556,24.7842],[-112.2249,24.7885],[-112.178,24.7669],[-112.1411,24.7271],[-112.1361,24.6934],[-112.1404,24.676],[-112.1609,24.673],[-112.1746,24.6526],[-112.1582,24.6446],[-112.1472,24.625],[-112.1149,24.5999],[-112.1009,24.5733],[-112.1018,24.5584],[-112.0634,24.542],[-111.9666,24.495],[-111.9522,24.4909],[-111.9146,24.4614],[-111.8739,24.4387],[-111.8133,24.3932],[-111.7431,24.346],[-111.7172,24.3167],[-111.7029,24.3251],[-111.6946,24.3508],[-111.5907,24.3685],[-111.5561,24.364],[-111.5126,24.3523],[-111.4402,24.3244],[-111.3775,24.2962],[-111.2458,24.2268],[-111.1772,24.1841],[-111.1196,24.155],[-111.0447,24.1086],[-111.0193,24.0903],[-111.0081,24.0707],[-110.9545,24.0339],[-110.887,23.9741],[-110.8748,23.9558],[-110.8516,23.9426],[-110.8143,23.9082],[-110.6846,23.7702],[-110.6001,23.6981],[-110.5572,23.6723],[-110.5148,23.6533],[-110.4696,23.6376],[-110.3861,23.6],[-110.3461,23.5734],[-110.3202,23.5517],[-110.2984,23.5257],[-110.2762,23.4879],[-110.2661,23.4794],[-110.2315,23.4192],[-110.2302,23.4035],[-110.1983,23.3631],[-110.1832,23.3335],[-110.1654,23.3106],[-110.155,23.2579],[-110.1533,23.2295],[-110.1204,23.1142],[-110.1143,23.0989],[-110.0992,23.0218],[-110.0618,22.9499],[-110.019,22.906],[-109.9829,22.8802],[-109.9651,22.873],[-109.9165,22.8721],[-109.8881,22.8966],[-109.8572,22.8981],[-109.8069,22.9378],[-109.8066,22.9503],[-109.7867,22.9692],[-109.7601,22.9837],[-109.7357,22.9884],[-109.7201,23.0026],[-109.7142,23.0294],[-109.6794,23.0491],[-109.6693,23.0604],[-109.6017,23.0817],[-109.5765,23.084],[-109.5655,23.0963],[-109.5324,23.1117],[-109.4972,23.1496],[-109.4701,23.1869],[-109.4585,23.196],[-109.4379,23.2363],[-109.4387,23.2745],[-109.4249,23.3062],[-109.4243,23.339],[-109.4316,23.377],[-109.4153,23.3823],[-109.4174,23.3991],[-109.4319,23.4207],[-109.4252,23.4503],[-109.4607,23.4873],[-109.4789,23.5183],[-109.471,23.5578],[-109.5153,23.5709],[-109.5201,23.5846],[-109.5867,23.604],[-109.6053,23.6195],[-109.6828,23.6487],[-109.6978,23.6715],[-109.7005,23.7101],[-109.7116,23.728],[-109.7093,23.7767],[-109.6993,23.799],[-109.7089,23.8056],[-109.7728,23.8751],[-109.8255,23.9118],[-109.8375,23.9328],[-109.8383,23.972],[-109.83,23.9921],[-109.8174,23.9949],[-109.804,24.0219],[-109.8253,24.04],[-109.83,24.0617],[-109.883,24.0384],[-109.9304,24.029],[-109.9796,24.0411],[-109.9888,24.0518],[-109.9942,24.1097],[-110.0082,24.1594],[-110.0747,24.2027],[-110.1377,24.2362],[-110.1517,24.2492],[-110.1734,24.2519],[-110.1934,24.294],[-110.2119,24.2981],[-110.2361,24.3186],[-110.2341,24.3443],[-110.2972,24.3524],[-110.3052,24.3396],[-110.3323,24.3298],[-110.3213,24.3161],[-110.3308,24.2891],[-110.3193,24.2608],[-110.3231,24.2467],[-110.3066,24.2321],[-110.2998,24.2121],[-110.303,24.1791],[-110.3217,24.1562],[-110.3482,24.1436],[-110.3501,24.1148],[-110.3861,24.1063],[-110.4165,24.1089],[-110.4185,24.1319],[-110.4312,24.1481],[-110.415,24.1738],[-110.3856,24.1622],[-110.3774,24.1492],[-110.3536,24.1532],[-110.3271,24.1674],[-110.336,24.1777],[-110.3652,24.1731],[-110.4001,24.1743],[-110.4783,24.1883],[-110.5533,24.2086],[-110.5762,24.2266],[-110.582,24.2403],[-110.6072,24.252],[-110.635,24.2918],[-110.6411,24.3158],[-110.6815,24.358],[-110.6833,24.3952],[-110.6931,24.406],[-110.6873,24.4635],[-110.7293,24.515],[-110.738,24.5537],[-110.7394,24.6245],[-110.7293,24.6667],[-110.7198,24.6861],[-110.6939,24.7017],[-110.6822,24.7452],[-110.6656,24.765],[-110.6571,24.8062],[-110.6731,24.8284],[-110.6848,24.8577],[-110.6857,24.8843],[-110.704,24.9015],[-110.7219,24.9352],[-110.7498,24.9664],[-110.7488,24.9878],[-110.7597,25.013],[-110.79,25.0359],[-110.8141,25.0332],[-110.8308,25.0646],[-110.8628,25.0806],[-110.8695,25.1027],[-110.8797,25.1264],[-110.9076,25.146],[-110.909,25.1865],[-110.9207,25.203]]],[[[-113.227,26.7322],[-113.2377,26.733],[-113.2629,26.7115],[-113.252,26.7016],[-113.1904,26.6853],[-113.1442,26.6576],[-113.1544,26.693],[-113.176,26.719],[-113.2037,26.7225],[-113.227,26.7322]]],[[[-113.2364,26.772],[-113.2052,26.7367],[-113.1955,26.7497],[-113.2364,26.772]]],[[[-112.0879,27.2584],[-112.1082,27.2393],[-112.0884,27.216],[-112.0756,27.1779],[-112.0572,27.1834],[-112.0449,27.2076],[-112.0472,27.2253],[-112.0879,27.2584]]],[[[-111.8748,27.4558],[-111.9002,27.4509],[-111.8953,27.4306],[-111.8599,27.4306],[-111.8748,27.4558]]],[[[-114.2246,27.7663],[-114.2457,27.7425],[-114.2233,27.7368],[-114.2079,27.7449],[-114.2246,27.7663]]],[[[-109.8006,24.1493],[-109.8197,24.2048],[-109.8425,24.2272],[-109.8575,24.2583],[-109.8711,24.2725],[-109.8898,24.3128],[-109.9352,24.368],[-109.9395,24.325],[-109.9196,24.2943],[-109.9233,24.2715],[-109.918,24.2479],[-109.8932,24.1868],[-109.8637,24.1475],[-109.818,24.1428],[-109.8006,24.1493]]],[[[-110.3541,24.5315],[-110.3829,24.5221],[-110.3907,24.497],[-110.3845,24.4746],[-110.3581,24.47],[-110.3744,24.4487],[-110.3728,24.4373],[-110.347,24.4315],[-110.3516,24.4054],[-110.3263,24.403],[-110.3079,24.4562],[-110.2891,24.4717],[-110.3256,24.506],[-110.3357,24.5235],[-110.3541,24.5315]]],[[[-110.392,24.5904],[-110.4101,24.574],[-110.3888,24.544],[-110.3693,24.5345],[-110.3603,24.5505],[-110.392,24.5904]]],[[[-110.7068,25.105],[-110.7175,25.0544],[-110.7128,25.0302],[-110.6811,25.0199],[-110.6728,24.9899],[-110.6595,24.972],[-110.6542,24.9464],[-110.6208,24.916],[-110.5729,24.8868],[-110.5679,24.8731],[-110.5324,24.8764],[-110.5701,24.9535],[-110.5661,24.9864],[-110.5747,25.0109],[-110.6007,25.0366],[-110.6681,25.0521],[-110.6904,25.0743],[-110.7068,25.105]]],[[[-110.7729,25.7123],[-110.7813,25.711],[-110.8002,25.6803],[-110.8044,25.6463],[-110.7893,25.6108],[-110.7613,25.595],[-110.7561,25.61],[-110.7695,25.6786],[-110.7729,25.7123]]],[[[-111.0358,25.7144],[-111.0581,25.7085],[-111.0429,25.6587],[-111.0257,25.657],[-111.0132,25.6701],[-111.018,25.6938],[-111.0358,25.7144]]],[[[-111.06,26.0705],[-111.105,26.0523],[-111.1239,26.0613],[-111.1382,26.0502],[-111.1752,26.0419],[-111.1629,26.0207],[-111.1726,26.0042],[-111.1705,25.9817],[-111.1974,25.9563],[-111.209,25.9291],[-111.2073,25.9136],[-111.2233,25.8654],[-111.2333,25.8481],[-111.2289,25.8225],[-111.204,25.8253],[-111.2038,25.8479],[-111.1828,25.8663],[-111.1812,25.9008],[-111.1553,25.9314],[-111.1221,25.9788],[-111.12,25.9939],[-111.1002,25.9969],[-111.0795,25.9726],[-111.0711,25.995],[-111.0842,26.0162],[-111.0714,26.0546],[-111.06,26.0705]]],[[[-111.2657,26.1361],[-111.2878,26.1185],[-111.2626,26.1086],[-111.2657,26.1361]]]]},"properties":{"cve":"03","municipio":"","estado":"Baja California Sur","robos":2,"con_violencia":1,"indice":2.5,"nivel":1,"periodo":"ene-ago 2026","escala":"estatal"}},{"type":"Feature","geometry":{"type":"Polygon","coordinates":[[[-102.4633,25.1159],[-102.2955,25.1252],[-102.2376,25.1185],[-102.0818,25.0707],[-101.8488,25.0176],[-101.8319,24.9722],[-101.7735,24.8755],[-101.6851,24.84],[-101.6563,24.8608],[-101.6013,24.8356],[-101.609,24.7897],[-101.6408,24.8007],[-101.6223,24.759],[-101.6004,24.7544],[-101.5978,24.754],[-101.5406,24.7456],[-101.4917,24.7438],[-101.4616,24.7368],[-101.4486,24.7462],[-101.4127,24.7721],[-101.4022,24.7882],[-101.3421,24.8134],[-101.3131,24.8014],[-101.2017,24.7655],[-101.179,24.733],[-101.1646,24.6816],[-101.1276,24.6234],[-101.0805,24.5912],[-100.9588,24.5427],[-100.9022,24.5839],[-100.8478,24.5556],[-100.8104,24.5516],[-100.7999,24.5562],[-100.8055,24.5963],[-100.797,24.7508],[-100.8274,24.8242],[-100.8261,24.835],[-100.7275,24.9187],[-100.7539,24.9434],[-100.8215,24.9967],[-100.8045,25.1533],[-100.8031,25.1653],[-100.7089,25.2365],[-100.592,25.2551],[-100.5296,25.2401],[-100.4985,25.2375],[-100.4436,25.2231],[-100.4074,25.209],[-100.332,25.1863],[-100.3256,25.2223],[-100.3053,25.2134],[-100.2614,25.2071],[-100.2296,25.2179],[-100.2344,25.2355],[-100.2625,25.254],[-100.2438,25.2697],[-100.2541,25.3069],[-100.3268,25.3404],[-100.3946,25.3279],[-100.446,25.3319],[-100.4701,25.3378],[-100.452,25.4081],[-100.4693,25.4217],[-100.5017,25.4328],[-100.5227,25.4343],[-100.5309,25.4635],[-100.5849,25.4708],[-100.5795,25.4945],[-100.6086,25.5134],[-100.5998,25.52],[-100.5297,25.5144],[-100.5384,25.5319],[-100.5963,25.5445],[-100.6329,25.5713],[-100.6903,25.5671],[-100.7199,25.6031],[-100.7298,25.6339],[-100.7812,25.6386],[-100.7878,25.6836],[-100.8037,25.7088],[-100.8056,25.7243],[-100.8251,25.7517],[-100.8619,25.8185],[-100.8471,25.8579],[-100.8371,25.8638],[-100.8227,25.9169],[-100.8344,25.945],[-100.8769,25.9472],[-100.9055,25.9569],[-100.9046,26.0087],[-100.9164,26.0756],[-100.9429,26.0868],[-100.9827,26.1395],[-101.0474,26.1698],[-101.0746,26.199],[-101.0917,26.2445],[-101.1045,26.2616],[-101.1854,26.3454],[-101.2068,26.3698],[-101.0789,26.4693],[-100.9838,26.5456],[-100.9051,26.6086],[-100.753,26.7352],[-100.6961,26.6234],[-100.6912,26.6138],[-100.6144,26.6856],[-100.608,26.7109],[-100.5901,26.7595],[-100.5418,26.806],[-100.5514,26.8587],[-100.5407,26.881],[-100.5384,26.9061],[-100.5449,26.9253],[-100.5382,26.9397],[-100.545,26.9798],[-100.5397,26.9867],[-100.5398,27.0474],[-100.6537,27.0757],[-100.6748,27.0865],[-100.6768,27.1069],[-100.6946,27.1098],[-100.7247,27.0779],[-100.7486,27.0813],[-100.7468,27.0643],[-100.7842,27.0589],[-100.7994,27.0458],[-100.8149,27.0711],[-100.8306,27.0739],[-100.8341,27.1952],[-100.678,27.3348],[-100.4227,27.3925],[-100.4219,27.3927],[-100.4177,27.3936],[-100.3506,27.6846],[-100.2862,27.7309],[-100.1884,27.7991],[-99.9988,27.6153],[-99.9327,27.6744],[-99.8432,27.7699],[-99.8508,27.7939],[-99.8778,27.8015],[-99.8759,27.8377],[-99.9013,27.8644],[-99.8939,27.893],[-99.9006,27.9124],[-99.9175,27.9179],[-99.9388,27.9522],[-99.9338,27.9818],[-99.9602,27.9833],[-99.9905,27.9936],[-100.0076,28.0215],[-100.0168,28.0619],[-100.0557,28.0905],[-100.0902,28.1483],[-100.1201,28.1558],[-100.1407,28.168],[-100.1591,28.1677],[-100.1738,28.1789],[-100.2114,28.1939],[-100.2248,28.2357],[-100.2566,28.2393],[-100.2942,28.2836],[-100.2862,28.3075],[-100.3141,28.3455],[-100.3188,28.36],[-100.3429,28.3872],[-100.3495,28.4034],[-100.3359,28.4301],[-100.3408,28.4489],[-100.3665,28.4731],[-100.3444,28.4862],[-100.3376,28.5016],[-100.3885,28.5154],[-100.4034,28.5337],[-100.4092,28.5564],[-100.3987,28.5854],[-100.4319,28.5977],[-100.4476,28.61],[-100.4467,28.642],[-100.4615,28.6408],[-100.4796,28.6556],[-100.5002,28.6617],[-100.51,28.6914],[-100.5074,28.7404],[-100.5378,28.7801],[-100.5358,28.806],[-100.5467,28.8255],[-100.5769,28.8368],[-100.5729,28.848],[-100.6225,28.9102],[-100.6326,28.9037],[-100.6479,28.9408],[-100.6457,28.9879],[-100.6637,29.0505],[-100.6644,29.0747],[-100.6844,29.1114],[-100.7084,29.1187],[-100.7378,29.139],[-100.7429,29.1527],[-100.7635,29.1601],[-100.7739,29.2103],[-100.7943,29.2421],[-100.8182,29.2643],[-100.8335,29.2612],[-100.8544,29.2753],[-100.8792,29.2815],[-100.8864,29.3078],[-100.9399,29.3326],[-100.9504,29.348],[-101.005,29.3654],[-101.0206,29.3925],[-101.0368,29.4062],[-101.043,29.4292],[-101.057,29.4408],[-101.0618,29.4642],[-101.0931,29.4732],[-101.1131,29.4701],[-101.1476,29.4745],[-101.1856,29.518],[-101.2382,29.5236],[-101.2558,29.5209],[-101.2583,29.5428],[-101.2432,29.57],[-101.2528,29.6264],[-101.2805,29.6182],[-101.2783,29.589],[-101.2969,29.5722],[-101.3105,29.5869],[-101.3113,29.6145],[-101.3005,29.6379],[-101.3173,29.6601],[-101.3486,29.6613],[-101.3735,29.6797],[-101.374,29.7022],[-101.3987,29.7156],[-101.3964,29.7339],[-101.416,29.7504],[-101.451,29.7533],[-101.4542,29.7863],[-101.4795,29.7835],[-101.5036,29.7638],[-101.5395,29.7606],[-101.5353,29.7992],[-101.5404,29.8089],[-101.5678,29.799],[-101.5749,29.7693],[-101.6065,29.7741],[-101.6523,29.7588],[-101.6615,29.7713],[-101.6893,29.771],[-101.7092,29.7618],[-101.7546,29.7775],[-101.7709,29.7877],[-101.8036,29.7798],[-101.8257,29.8045],[-101.8507,29.8076],[-101.8748,29.7941],[-101.9616,29.7982],[-101.9817,29.815],[-102.014,29.7977],[-102.0348,29.8043],[-102.0495,29.7853],[-102.1167,29.7937],[-102.1596,29.8144],[-102.1874,29.8489],[-102.2,29.837],[-102.2214,29.8404],[-102.2434,29.8598],[-102.2766,29.863],[-102.3013,29.8778],[-102.341,29.8696],[-102.3649,29.8455],[-102.3631,29.8314],[-102.3901,29.7827],[-102.4043,29.7655],[-102.4339,29.7771],[-102.4803,29.7761],[-102.5168,29.7845],[-102.5139,29.7655],[-102.5484,29.7446],[-102.5632,29.7679],[-102.5886,29.7491],[-102.615,29.7465],[-102.6227,29.7362],[-102.6462,29.7338],[-102.677,29.7416],[-102.691,29.722],[-102.7036,29.6716],[-102.7257,29.6433],[-102.741,29.6359],[-102.7401,29.5981],[-102.7685,29.5948],[-102.7783,29.5436],[-102.8078,29.5231],[-102.8073,29.4942],[-102.8254,29.4579],[-102.8321,29.4323],[-102.8201,29.4037],[-102.8449,29.3743],[-102.8392,29.3589],[-102.877,29.3548],[-102.8896,29.2887],[-102.9063,29.2621],[-102.8711,29.2405],[-102.868,29.2229],[-102.8944,29.2086],[-102.9095,29.22],[-102.9181,29.1908],[-102.933,29.1945],[-102.9509,29.1783],[-102.9781,29.1865],[-102.9983,29.174],[-103.0122,29.1285],[-103.0338,29.1012],[-103.0547,29.1007],[-103.0803,29.0871],[-103.0769,29.076],[-103.1007,29.0603],[-103.1066,29.0387],[-103.0982,29.0256],[-103.1175,29],[-103.153,28.9723],[-103.2039,28.9871],[-103.2503,28.9802],[-103.2665,28.9959],[-103.307,29.0039],[-103.3577,28.9203],[-103.4037,28.8693],[-103.3942,28.8401],[-103.41,28.8409],[-103.4317,28.8132],[-103.4663,28.7595],[-103.4633,28.7566],[-103.5145,28.665],[-103.5198,28.6687],[-103.5573,28.6113],[-103.5727,28.6406],[-103.5964,28.6395],[-103.616,28.5982],[-103.5919,28.5908],[-103.601,28.5749],[-103.6246,28.5811],[-103.6375,28.5545],[-103.6422,28.5449],[-103.643,28.5125],[-103.7283,28.3565],[-103.7629,28.2982],[-103.7682,28.3004],[-103.8675,28.1121],[-103.8609,28.109],[-103.8895,28.0604],[-103.9267,27.9714],[-103.8777,27.9575],[-103.8929,27.914],[-103.9419,27.9278],[-103.9356,27.9453],[-103.955,27.9508],[-103.9433,27.8888],[-103.9458,27.8564],[-103.96,27.8353],[-103.9439,27.8269],[-103.9008,27.8269],[-103.9356,27.7976],[-103.8811,27.7392],[-103.8967,27.7406],[-103.8895,27.7132],[-103.8973,27.6565],[-103.8836,27.6008],[-103.8688,27.6071],[-103.86,27.5713],[-103.8546,27.5494],[-103.8585,27.4399],[-103.8637,27.4409],[-103.8769,27.3116],[-103.8321,27.2983],[-103.8198,27.243],[-103.8094,27.2492],[-103.7984,27.2135],[-103.7994,27.1247],[-103.7835,27.0912],[-103.7518,27.0767],[-103.7448,27.0227],[-103.7799,27.0089],[-103.7846,26.9807],[-103.8359,26.9358],[-103.8517,26.8961],[-103.8225,26.8754],[-103.7796,26.8361],[-103.754,26.8296],[-103.7506,26.8099],[-103.7249,26.7721],[-103.7152,26.7351],[-103.6991,26.7253],[-103.6583,26.7195],[-103.637,26.6926],[-103.416,26.6167],[-103.3742,26.6024],[-103.3168,26.3618],[-103.2608,26.2847],[-103.3505,26.1424],[-103.3466,25.8769],[-103.3464,25.8603],[-103.3189,25.8148],[-103.3264,25.7604],[-103.3392,25.7254],[-103.3402,25.7055],[-103.3554,25.6914],[-103.3836,25.6533],[-103.4087,25.6397],[-103.425,25.62],[-103.4354,25.5828],[-103.4526,25.5753],[-103.4547,25.5579],[-103.4932,25.5385],[-103.4357,25.4791],[-103.3987,25.4506],[-103.3907,25.4346],[-103.3691,25.4165],[-103.3414,25.4101],[-103.3369,25.3713],[-103.351,25.3729],[-103.3655,25.3932],[-103.4069,25.3989],[-103.4618,25.3764],[-103.4701,25.3462],[-103.4865,25.3308],[-103.4936,25.3117],[-103.5058,25.2766],[-103.4967,25.2557],[-103.4729,25.2498],[-103.4492,25.2271],[-103.4443,25.2087],[-103.4034,25.1826],[-103.3974,25.1639],[-103.3768,25.1415],[-103.3595,25.11],[-103.2992,25.0822],[-103.2669,25.0555],[-103.274,25.0209],[-103.2467,24.9964],[-103.2454,24.9825],[-103.2591,24.9647],[-103.0968,24.8265],[-103.0537,24.8099],[-103.0331,24.8107],[-103.0036,24.7932],[-102.9887,24.7962],[-102.9754,24.7995],[-102.9491,24.7797],[-102.9253,24.7801],[-102.8969,24.7663],[-102.8836,24.751],[-102.8564,24.7398],[-102.8531,24.772],[-102.6697,25.0666],[-102.4468,24.9995],[-102.4537,25.0481],[-102.4633,25.1159]]]},"properties":{"cve":"05","municipio":"","estado":"Coahuila de Zaragoza","robos":4,"con_violencia":0,"indice":4.0,"nivel":1,"periodo":"ene-ago 2026","escala":"estatal"}},{"type":"Feature","geometry":{"type":"MultiPolygon","coordinates":[[[[-104.2233,19.3017],[-104.2477,19.3122],[-104.2828,19.2973],[-104.294,19.3035],[-104.3148,19.2794],[-104.3411,19.2899],[-104.3579,19.2706],[-104.3743,19.2819],[-104.3869,19.2714],[-104.4203,19.2796],[-104.4392,19.278],[-104.4384,19.2629],[-104.4597,19.254],[-104.474,19.2365],[-104.4884,19.2472],[-104.5061,19.2451],[-104.5233,19.2604],[-104.5545,19.2371],[-104.5704,19.2148],[-104.5676,19.2001],[-104.5769,19.1802],[-104.6003,19.1791],[-104.591,19.1499],[-104.6131,19.1565],[-104.6286,19.1732],[-104.6704,19.1857],[-104.6902,19.1765],[-104.6494,19.1667],[-104.594,19.1485],[-104.5629,19.144],[-104.4894,19.1246],[-104.4515,19.1085],[-104.4396,19.0948],[-104.3731,19.1197],[-104.3538,19.1145],[-104.3158,19.0912],[-104.3041,19.0588],[-104.33,19.0512],[-104.3329,19.0198],[-104.2836,19.0087],[-104.1769,18.9693],[-104.1199,18.9442],[-104.0587,18.9092],[-103.9832,18.8723],[-103.9712,18.8639],[-103.9475,18.8421],[-103.8766,18.7992],[-103.8034,18.7489],[-103.7431,18.693],[-103.7379,18.684],[-103.7189,18.7104],[-103.6976,18.7559],[-103.6807,18.7721],[-103.6375,18.7835],[-103.62,18.8014],[-103.6246,18.8261],[-103.6177,18.8393],[-103.6406,18.8672],[-103.6203,18.893],[-103.5812,18.8759],[-103.5725,18.8722],[-103.5689,18.8925],[-103.5574,18.9068],[-103.5284,18.9123],[-103.5225,18.9279],[-103.4886,18.9649],[-103.4968,19.0113],[-103.4885,19.0276],[-103.5256,19.0778],[-103.5175,19.0982],[-103.5236,19.1156],[-103.511,19.132],[-103.5092,19.156],[-103.4976,19.1746],[-103.5141,19.2172],[-103.5095,19.2418],[-103.5067,19.2923],[-103.4865,19.3379],[-103.5235,19.3595],[-103.5248,19.3691],[-103.5562,19.407],[-103.5772,19.4169],[-103.5863,19.4395],[-103.6154,19.475],[-103.6124,19.4889],[-103.6183,19.5125],[-103.6904,19.492],[-103.7162,19.457],[-103.7346,19.4437],[-103.752,19.4452],[-103.7927,19.4275],[-103.8208,19.4105],[-103.8345,19.4398],[-103.8548,19.4309],[-103.8638,19.4474],[-103.8794,19.4445],[-103.8911,19.4636],[-103.9088,19.4536],[-103.8995,19.4345],[-103.9648,19.4542],[-103.974,19.4746],[-104.0056,19.4723],[-104.0617,19.4977],[-104.0715,19.4835],[-104.0866,19.442],[-104.0709,19.4352],[-104.0902,19.393],[-104.1188,19.3717],[-104.1333,19.3537],[-104.1229,19.321],[-104.1735,19.3143],[-104.1895,19.3024],[-104.2233,19.3017]]],[[[-114.7393,18.3722],[-114.7556,18.3665],[-114.7521,18.3389],[-114.7094,18.3505],[-114.6996,18.3455],[-114.6805,18.3613],[-114.6933,18.3715],[-114.7277,18.3666],[-114.7393,18.3722]]],[[[-110.9863,18.8611],[-111.0087,18.8459],[-111.0083,18.836],[-111.0447,18.8161],[-111.0463,18.8022],[-111.0151,18.7536],[-110.989,18.753],[-110.9641,18.7409],[-110.9575,18.7222],[-110.9199,18.7326],[-110.9157,18.777],[-110.9176,18.7992],[-110.948,18.8404],[-110.9863,18.8611]]]]},"properties":{"cve":"06","municipio":"","estado":"Colima","robos":8,"con_violencia":0,"indice":8.0,"nivel":1,"periodo":"ene-ago 2026","escala":"estatal"}},{"type":"Feature","geometry":{"type":"Polygon","coordinates":[[[-104.8589,26.5046],[-104.8093,26.5085],[-104.7912,26.5046],[-104.761,26.4858],[-104.7478,26.4924],[-104.7136,26.4667],[-104.6779,26.428],[-104.6541,26.3911],[-104.6201,26.3688],[-104.5939,26.3804],[-104.5745,26.3405],[-104.5011,26.4145],[-104.4962,26.4264],[-104.5031,26.465],[-104.4841,26.4947],[-104.4555,26.5492],[-104.4509,26.5716],[-104.4348,26.6045],[-104.3754,26.6407],[-104.3304,26.6565],[-104.3068,26.7072],[-104.2865,26.7254],[-104.2954,26.7464],[-104.3173,26.7607],[-104.3018,26.7719],[-104.3152,26.7986],[-104.2932,26.8116],[-104.273,26.8423],[-104.2278,26.7772],[-104.1839,26.7736],[-104.0569,26.7482],[-104.0457,26.743],[-104.0332,26.7744],[-103.995,26.7775],[-103.9938,26.7536],[-103.9326,26.754],[-103.8613,26.7541],[-103.6991,26.7253],[-103.7152,26.7351],[-103.7249,26.7721],[-103.7506,26.8099],[-103.754,26.8296],[-103.7796,26.8361],[-103.8225,26.8754],[-103.8517,26.8961],[-103.8359,26.9358],[-103.7846,26.9807],[-103.7799,27.0089],[-103.7448,27.0227],[-103.7518,27.0767],[-103.7835,27.0912],[-103.7994,27.1247],[-103.7984,27.2135],[-103.8094,27.2492],[-103.8198,27.243],[-103.8321,27.2983],[-103.8769,27.3116],[-103.8637,27.4409],[-103.8585,27.4399],[-103.8546,27.5494],[-103.86,27.5713],[-103.8688,27.6071],[-103.8836,27.6008],[-103.8973,27.6565],[-103.8895,27.7132],[-103.8967,27.7406],[-103.8811,27.7392],[-103.9356,27.7976],[-103.9008,27.8269],[-103.9439,27.8269],[-103.96,27.8353],[-103.9458,27.8564],[-103.9433,27.8888],[-103.955,27.9508],[-103.9356,27.9453],[-103.9419,27.9278],[-103.8929,27.914],[-103.8777,27.9575],[-103.9267,27.9714],[-103.8895,28.0604],[-103.8609,28.109],[-103.8675,28.1121],[-103.7682,28.3004],[-103.7629,28.2982],[-103.7283,28.3565],[-103.643,28.5125],[-103.6422,28.5449],[-103.6375,28.5545],[-103.6246,28.5811],[-103.601,28.5749],[-103.5919,28.5908],[-103.616,28.5982],[-103.5964,28.6395],[-103.5727,28.6406],[-103.5573,28.6113],[-103.5198,28.6687],[-103.5145,28.665],[-103.4633,28.7566],[-103.4663,28.7595],[-103.4317,28.8132],[-103.41,28.8409],[-103.3942,28.8401],[-103.4037,28.8693],[-103.3577,28.9203],[-103.307,29.0039],[-103.3242,29.0171],[-103.3306,29.0432],[-103.3459,29.0467],[-103.3596,29.0188],[-103.3878,29.0243],[-103.3925,29.0349],[-103.4328,29.0436],[-103.45,29.0727],[-103.4859,29.0957],[-103.5018,29.1179],[-103.5242,29.1208],[-103.5248,29.1373],[-103.5495,29.1434],[-103.5592,29.1553],[-103.5935,29.1503],[-103.6122,29.1653],[-103.6516,29.1584],[-103.6568,29.1694],[-103.719,29.1819],[-103.7425,29.2109],[-103.7426,29.2223],[-103.7763,29.2207],[-103.7771,29.2559],[-103.7979,29.2591],[-103.8096,29.2733],[-103.8379,29.2784],[-103.8895,29.2794],[-103.9257,29.2943],[-103.9705,29.2968],[-104.0379,29.3199],[-104.0559,29.3369],[-104.0831,29.3466],[-104.0911,29.3596],[-104.1242,29.3812],[-104.1416,29.3802],[-104.1804,29.4128],[-104.1814,29.4258],[-104.2175,29.4561],[-104.2088,29.4807],[-104.2636,29.5142],[-104.3111,29.5236],[-104.3331,29.5203],[-104.3524,29.5358],[-104.3849,29.543],[-104.399,29.573],[-104.4674,29.6108],[-104.5123,29.6466],[-104.5438,29.683],[-104.5451,29.7159],[-104.5692,29.7515],[-104.5653,29.7701],[-104.5866,29.8035],[-104.6187,29.8296],[-104.6318,29.8681],[-104.658,29.8905],[-104.6799,29.9214],[-104.685,29.9566],[-104.6801,29.9746],[-104.7039,30.0248],[-104.6951,30.0378],[-104.7066,30.0506],[-104.6863,30.0817],[-104.6943,30.1017],[-104.6953,30.1323],[-104.6868,30.1791],[-104.6968,30.1915],[-104.7126,30.2374],[-104.7249,30.2537],[-104.7502,30.2617],[-104.7614,30.301],[-104.8117,30.3335],[-104.8202,30.3473],[-104.8115,30.3667],[-104.8592,30.3904],[-104.8565,30.4099],[-104.8698,30.4577],[-104.8686,30.4726],[-104.8719,30.5104],[-104.8892,30.535],[-104.8876,30.5466],[-104.9251,30.605],[-104.9717,30.61],[-104.9842,30.6352],[-104.9866,30.6628],[-105.0076,30.686],[-105.0272,30.6789],[-105.0532,30.6817],[-105.0684,30.7023],[-105.0962,30.7158],[-105.11,30.74],[-105.1454,30.7543],[-105.1562,30.7694],[-105.1747,30.7675],[-105.1956,30.7923],[-105.2178,30.8058],[-105.248,30.8001],[-105.2999,30.8251],[-105.3062,30.8098],[-105.34,30.8405],[-105.3627,30.8504],[-105.3962,30.8505],[-105.3933,30.8764],[-105.4138,30.8986],[-105.4416,30.9084],[-105.4948,30.9496],[-105.5039,30.968],[-105.533,30.9846],[-105.5576,30.99],[-105.5812,31.0267],[-105.585,31.0559],[-105.6041,31.0833],[-105.6483,31.1154],[-105.7093,31.1363],[-105.741,31.1641],[-105.774,31.1677],[-105.7841,31.1988],[-105.8085,31.2188],[-105.8361,31.2472],[-105.8703,31.2897],[-105.8967,31.293],[-105.9086,31.3127],[-105.9317,31.3128],[-105.9476,31.3396],[-105.9553,31.3651],[-105.9715,31.3666],[-106.0034,31.3922],[-106.0203,31.3938],[-106.0779,31.3982],[-106.1068,31.4218],[-106.1324,31.4252],[-106.1833,31.4582],[-106.2014,31.4629],[-106.2196,31.4815],[-106.2496,31.545],[-106.2793,31.5612],[-106.3025,31.6108],[-106.3032,31.6223],[-106.334,31.6628],[-106.3502,31.6975],[-106.3696,31.7105],[-106.3813,31.7323],[-106.4168,31.7516],[-106.4509,31.7644],[-106.4897,31.7485],[-106.5285,31.7838],[-106.8677,31.7838],[-107.2588,31.7837],[-107.7239,31.7833],[-108.0012,31.7833],[-108.0424,31.7845],[-108.2084,31.7838],[-108.2075,31.5917],[-108.2085,31.3334],[-108.3457,31.3331],[-108.6672,31.3335],[-108.7559,31.3324],[-108.8172,31.239],[-108.8798,31.2388],[-108.9063,31.2133],[-108.9003,31.2025],[-108.8607,31.2189],[-108.8483,31.1951],[-108.805,31.193],[-108.835,31.1693],[-108.8456,31.1356],[-108.8333,31.1255],[-108.77,31.1025],[-108.7638,31.0724],[-108.7307,31.0517],[-108.7525,31.0338],[-108.6844,31.0337],[-108.6838,31.006],[-108.8033,31.0048],[-108.8024,30.9041],[-108.9392,30.9076],[-108.931,30.8665],[-108.9355,30.7736],[-108.9483,30.7369],[-108.919,30.7394],[-108.8869,30.7193],[-108.8669,30.6894],[-108.8777,30.6378],[-108.8744,30.6235],[-108.8306,30.6017],[-108.762,30.5873],[-108.7565,30.5961],[-108.7267,30.5945],[-108.7274,30.5805],[-108.6874,30.5548],[-108.662,30.5219],[-108.6571,30.4703],[-108.6648,30.4682],[-108.6038,30.4651],[-108.6136,30.4357],[-108.6487,30.4169],[-108.6198,30.3748],[-108.6221,30.3403],[-108.58,30.3375],[-108.5658,30.3082],[-108.5422,30.2835],[-108.5505,30.2666],[-108.586,30.2861],[-108.6202,30.2982],[-108.6176,30.236],[-108.6117,30.1023],[-108.6147,30.0578],[-108.6106,30.0424],[-108.6069,30.0286],[-108.6155,29.9659],[-108.6285,29.9534],[-108.6188,29.9313],[-108.6158,29.8835],[-108.6217,29.8782],[-108.6072,29.8471],[-108.6348,29.8321],[-108.6294,29.8063],[-108.6017,29.7971],[-108.5413,29.7961],[-108.535,29.7514],[-108.5478,29.7374],[-108.5928,29.7284],[-108.5925,29.7176],[-108.6591,29.7161],[-108.6452,29.692],[-108.6183,29.6605],[-108.655,29.6494],[-108.6447,29.6275],[-108.6411,29.5889],[-108.6595,29.584],[-108.6383,29.5583],[-108.6623,29.5445],[-108.644,29.4888],[-108.6896,29.484],[-108.6943,29.4671],[-108.7178,29.466],[-108.7074,29.4395],[-108.7036,29.4085],[-108.6697,29.3074],[-108.6822,29.2674],[-108.7303,29.2691],[-108.7501,29.2567],[-108.7354,29.2177],[-108.7539,29.2001],[-108.7452,29.1722],[-108.7289,29.1718],[-108.6985,29.1277],[-108.7296,29.0965],[-108.7115,29.0874],[-108.7244,29.0699],[-108.6981,28.9363],[-108.7068,28.8843],[-108.6871,28.8757],[-108.6812,28.8548],[-108.6578,28.8092],[-108.6456,28.7947],[-108.6433,28.7651],[-108.6207,28.7503],[-108.5838,28.7401],[-108.5838,28.7163],[-108.5839,28.6659],[-108.5802,28.6324],[-108.5644,28.6127],[-108.5516,28.5778],[-108.5313,28.5567],[-108.5233,28.5059],[-108.5077,28.5082],[-108.5204,28.4598],[-108.5041,28.4544],[-108.5155,28.4263],[-108.489,28.3751],[-108.4797,28.3696],[-108.5014,28.3557],[-108.5217,28.3651],[-108.5196,28.3348],[-108.5509,28.3181],[-108.6035,28.3476],[-108.6112,28.3353],[-108.6362,28.3352],[-108.6355,28.3063],[-108.6619,28.2955],[-108.6872,28.3035],[-108.751,28.2716],[-108.8304,28.265],[-108.8405,28.2543],[-108.8795,28.2645],[-108.9127,28.26],[-108.9614,28.262],[-108.9875,28.278],[-108.9988,28.2555],[-109.0228,28.2775],[-109.0399,28.2687],[-109.0749,28.2726],[-109.062,28.1992],[-109.0658,28.1826],[-109.0717,28.1503],[-109.068,28.129],[-109.0518,28.0991],[-109.0319,28.0183],[-108.9917,27.98],[-108.9784,27.9788],[-108.9503,27.954],[-108.9265,27.9406],[-108.9198,27.8709],[-108.9149,27.854],[-108.8691,27.8393],[-108.8861,27.8137],[-108.9105,27.8091],[-108.9151,27.7757],[-108.8955,27.7448],[-108.833,27.7443],[-108.817,27.7322],[-108.766,27.7058],[-108.7626,27.676],[-108.7493,27.6647],[-108.7542,27.6367],[-108.7399,27.6],[-108.723,27.5881],[-108.7128,27.5662],[-108.6553,27.5438],[-108.6524,27.537],[-108.6558,27.4773],[-108.6616,27.4647],[-108.6334,27.4281],[-108.6291,27.3829],[-108.591,27.3181],[-108.6256,27.2892],[-108.6644,27.2394],[-108.6623,27.2182],[-108.6443,27.1788],[-108.6114,27.1541],[-108.6007,27.119],[-108.597,27.0769],[-108.6062,27.0636],[-108.6023,27.0369],[-108.5625,27.046],[-108.5722,27.0127],[-108.5518,26.9971],[-108.5025,26.9874],[-108.5046,27.0046],[-108.4701,27.0347],[-108.4212,27.0212],[-108.4096,27.0134],[-108.3716,27.023],[-108.3501,27.0226],[-108.335,27.0052],[-108.3175,27.0341],[-108.3034,27.0366],[-108.2816,27.0132],[-108.2429,27.042],[-108.2259,27.0272],[-108.1948,27.0255],[-108.1815,27.0032],[-108.1946,26.9836],[-108.2109,26.9804],[-108.2321,26.9611],[-108.2251,26.9221],[-108.2302,26.9057],[-108.2123,26.8862],[-108.1901,26.8959],[-108.1396,26.8955],[-108.1442,26.8676],[-108.0941,26.8705],[-108.0368,26.8101],[-108.0268,26.7985],[-108.0376,26.7698],[-108.0143,26.7732],[-108.0057,26.761],[-108.0187,26.7298],[-108.0068,26.7055],[-108.0146,26.6857],[-108.0329,26.6677],[-108.0646,26.6474],[-108.0609,26.627],[-108.0363,26.6191],[-108.0125,26.5796],[-107.9923,26.5626],[-107.988,26.5461],[-107.9636,26.5273],[-107.9573,26.4937],[-107.9726,26.4873],[-107.9696,26.4702],[-107.9994,26.4484],[-108.0128,26.439],[-107.9741,26.3886],[-107.8998,26.2867],[-107.8563,26.226],[-107.854,26.1965],[-107.8371,26.1825],[-107.8103,26.1837],[-107.7894,26.1688],[-107.7807,26.1369],[-107.7552,26.1345],[-107.7476,26.1538],[-107.7135,26.1725],[-107.6808,26.1629],[-107.6528,26.1636],[-107.6353,26.1547],[-107.5894,26.1699],[-107.5649,26.1645],[-107.5433,26.1463],[-107.52,26.1042],[-107.4937,26.1106],[-107.4632,26.1365],[-107.4161,26.1412],[-107.3465,26.1095],[-107.3049,26.0764],[-107.3067,26.0488],[-107.2763,26.002],[-107.282,25.992],[-107.2803,25.9574],[-107.2961,25.9248],[-107.2425,25.8924],[-107.2471,25.8799],[-107.1946,25.8523],[-107.0593,25.7582],[-107.0655,25.7258],[-107.0469,25.7006],[-107.0103,25.692],[-106.9903,25.7149],[-106.9653,25.6979],[-106.9669,25.6683],[-106.9943,25.6622],[-106.9224,25.6461],[-106.8992,25.6437],[-106.8738,25.5719],[-106.8178,25.5734],[-106.7448,25.5852],[-106.682,25.5792],[-106.6528,25.5588],[-106.6575,25.5702],[-106.6044,25.6345],[-106.5679,25.6596],[-106.5355,25.6768],[-106.5079,25.7081],[-106.4636,25.729],[-106.464,25.7417],[-106.5266,25.7134],[-106.556,25.6917],[-106.5601,25.9127],[-106.5473,25.9524],[-106.5337,25.9458],[-106.5015,25.955],[-106.4917,25.9681],[-106.4558,25.9726],[-106.4447,26.0051],[-106.4704,26.0054],[-106.4534,26.0278],[-106.455,26.045],[-106.4712,26.0605],[-106.4544,26.0953],[-106.4586,26.1122],[-106.4156,26.1394],[-106.4328,26.204],[-106.4238,26.2148],[-106.3123,26.3488],[-106.287,26.3351],[-106.2755,26.3674],[-106.3022,26.3639],[-106.2976,26.3965],[-106.2644,26.4061],[-106.2652,26.4241],[-106.242,26.4668],[-106.2552,26.4989],[-106.2807,26.5118],[-106.2696,26.5272],[-106.2412,26.545],[-106.2306,26.5747],[-106.2366,26.5877],[-106.2198,26.6382],[-106.2198,26.6564],[-106.2079,26.6781],[-106.1677,26.7061],[-106.1515,26.725],[-106.1766,26.7277],[-106.1706,26.7496],[-106.177,26.773],[-106.1578,26.771],[-106.1253,26.7794],[-106.1006,26.7593],[-106.0781,26.7983],[-106.065,26.8276],[-106.0473,26.8449],[-105.9955,26.8075],[-105.9392,26.7632],[-105.9318,26.7656],[-105.8941,26.741],[-105.8654,26.7474],[-105.8146,26.691],[-105.7758,26.6609],[-105.7943,26.6988],[-105.7813,26.7075],[-105.7463,26.7139],[-105.7289,26.6979],[-105.7048,26.6529],[-105.6899,26.6572],[-105.6743,26.6355],[-105.6749,26.6177],[-105.6325,26.6197],[-105.601,26.6148],[-105.5964,26.6379],[-105.549,26.5466],[-105.4961,26.5429],[-105.489,26.5185],[-105.4603,26.5293],[-105.4008,26.5178],[-105.3892,26.524],[-105.3682,26.534],[-105.3477,26.5045],[-105.3572,26.4856],[-105.3174,26.4625],[-105.2879,26.4889],[-105.2695,26.4798],[-105.2647,26.4621],[-105.1015,26.5214],[-105.0566,26.4193],[-105.0526,26.4298],[-105.0271,26.4369],[-105.0006,26.4544],[-104.9737,26.453],[-104.9441,26.4687],[-104.9323,26.4875],[-104.8989,26.51],[-104.8589,26.5046]]]},"properties":{"cve":"08","municipio":"","estado":"Chihuahua","robos":15,"con_violencia":7,"indice":18.5,"nivel":1,"periodo":"ene-ago 2026","escala":"estatal"}},{"type":"Feature","geometry":{"type":"Polygon","coordinates":[[[-99.0581,19.4007],[-99.0558,19.4221],[-99.0509,19.4502],[-99.068,19.4891],[-99.0639,19.4988],[-99.0904,19.5095],[-99.1144,19.5111],[-99.1306,19.5361],[-99.1081,19.5649],[-99.1129,19.5733],[-99.1179,19.5906],[-99.1237,19.5928],[-99.1435,19.5723],[-99.1609,19.5493],[-99.163,19.518],[-99.1572,19.5028],[-99.2047,19.5151],[-99.2138,19.4973],[-99.2211,19.4751],[-99.2068,19.4712],[-99.2232,19.4293],[-99.2396,19.4122],[-99.2558,19.4036],[-99.2956,19.3691],[-99.3078,19.3716],[-99.3264,19.3537],[-99.3338,19.3306],[-99.3564,19.3033],[-99.3649,19.2778],[-99.3392,19.2677],[-99.3423,19.2411],[-99.3243,19.2326],[-99.3223,19.2326],[-99.3156,19.2274],[-99.3134,19.219],[-99.3068,19.2111],[-99.2876,19.1466],[-99.2787,19.1317],[-99.2268,19.0961],[-99.1365,19.0894],[-99.1354,19.0893],[-99.1254,19.0621],[-99.0621,19.0487],[-99.0432,19.0758],[-99.029,19.0854],[-98.979,19.0745],[-98.9657,19.0859],[-98.9575,19.1224],[-98.9674,19.1644],[-98.9549,19.1741],[-98.9677,19.1897],[-98.9685,19.2106],[-98.9458,19.225],[-98.9686,19.2322],[-98.9765,19.2531],[-98.9672,19.306],[-98.9604,19.3254],[-98.9743,19.337],[-98.9946,19.3581],[-98.9919,19.3676],[-99.0581,19.4007]]]},"properties":{"cve":"09","municipio":"","estado":"Ciudad de México","robos":18,"con_violencia":16,"indice":26.0,"nivel":2,"periodo":"ene-ago 2026","escala":"estatal"}},{"type":"Feature","geometry":{"type":"Polygon","coordinates":[[[-101.4601,20.3235],[-101.4583,20.2696],[-101.4369,20.2638],[-101.4197,20.2744],[-101.3953,20.2485],[-101.3614,20.249],[-101.3529,20.234],[-101.3632,20.1958],[-101.4056,20.2033],[-101.4199,20.2016],[-101.4225,20.1632],[-101.391,20.1271],[-101.4087,20.1231],[-101.4047,20.0802],[-101.3943,20.0529],[-101.4025,20.0448],[-101.3881,20.0304],[-101.3749,20.0404],[-101.3283,20.032],[-101.2917,20.0361],[-101.281,20.0275],[-101.253,20.0355],[-101.2383,20.0321],[-101.2207,20.0114],[-101.2031,20.0072],[-101.2015,20.0257],[-101.1832,20.0267],[-101.1604,20.0402],[-101.1963,20.0572],[-101.1767,20.0645],[-101.1652,20.0872],[-101.1537,20.0838],[-101.132,20.0607],[-101.1197,20.0735],[-101.0802,20.0828],[-101.043,20.0914],[-101.0118,20.0815],[-100.9928,20.0649],[-101.014,20.0457],[-100.9897,20.0273],[-100.9703,20.0052],[-100.9767,19.9827],[-101.0025,19.965],[-101.0031,19.9532],[-100.9838,19.9567],[-100.9718,19.93],[-100.9587,19.9308],[-100.9479,19.9336],[-100.9475,19.9625],[-100.9307,19.956],[-100.9016,19.9595],[-100.8826,19.9439],[-100.8603,19.9489],[-100.8537,19.9345],[-100.8358,19.9346],[-100.8243,19.9783],[-100.7921,19.9556],[-100.7788,19.9151],[-100.7471,19.9131],[-100.7188,19.9405],[-100.6538,19.9597],[-100.6197,19.9572],[-100.6019,19.9859],[-100.5956,19.9917],[-100.5579,19.9917],[-100.5694,19.9655],[-100.5524,19.9576],[-100.5268,19.9658],[-100.5104,19.9555],[-100.4616,19.9802],[-100.4485,19.9828],[-100.3629,19.9899],[-100.3704,20.0213],[-100.3544,20.0278],[-100.3583,20.0649],[-100.3898,20.0808],[-100.3809,20.1301],[-100.3599,20.1643],[-100.3528,20.2014],[-100.3552,20.219],[-100.3236,20.2519],[-100.3441,20.2729],[-100.3507,20.2884],[-100.3864,20.3068],[-100.392,20.3143],[-100.394,20.3502],[-100.4033,20.3608],[-100.41,20.376],[-100.4444,20.3872],[-100.4695,20.3869],[-100.4783,20.4163],[-100.4885,20.4258],[-100.4884,20.4733],[-100.5098,20.5065],[-100.5048,20.555],[-100.485,20.5538],[-100.4888,20.5944],[-100.4961,20.6157],[-100.5295,20.6387],[-100.5511,20.6338],[-100.5619,20.6714],[-100.5823,20.6768],[-100.5813,20.6929],[-100.5965,20.7173],[-100.5829,20.7295],[-100.5489,20.7364],[-100.5481,20.7496],[-100.5641,20.7747],[-100.5583,20.8046],[-100.5755,20.8184],[-100.5593,20.8299],[-100.502,20.8529],[-100.5073,20.8695],[-100.485,20.9008],[-100.47,20.907],[-100.4722,20.9284],[-100.4532,20.9232],[-100.454,20.9002],[-100.4128,20.8878],[-100.3944,20.8922],[-100.3336,20.8907],[-100.2984,20.9153],[-100.2992,20.9313],[-100.2655,20.9292],[-100.2636,20.971],[-100.2455,20.9633],[-100.1878,20.9325],[-100.1784,20.9387],[-100.1353,20.9373],[-100.1178,20.9222],[-100.0923,20.9317],[-100.0642,20.9363],[-100.078,20.9727],[-100.0607,21.0058],[-100.0612,21.0285],[-100.0226,21.0146],[-100.0113,21.0408],[-100.0147,21.051],[-100.0263,21.074],[-100.0275,21.1003],[-99.9964,21.1826],[-100.0111,21.1895],[-99.9864,21.2183],[-99.9479,21.2124],[-99.9409,21.1938],[-99.9042,21.1853],[-99.8882,21.1696],[-99.8716,21.1697],[-99.8291,21.1579],[-99.777,21.1959],[-99.7754,21.2049],[-99.7385,21.2358],[-99.6955,21.2282],[-99.6934,21.2359],[-99.6982,21.2682],[-99.6736,21.2969],[-99.7076,21.3145],[-99.7373,21.3129],[-99.7342,21.3014],[-99.7579,21.2921],[-99.784,21.3201],[-99.7945,21.3574],[-99.7755,21.375],[-99.7791,21.3949],[-99.7797,21.4393],[-99.7722,21.4673],[-99.7773,21.495],[-99.7884,21.4771],[-99.8171,21.4617],[-99.8349,21.4781],[-99.867,21.4735],[-99.906,21.4481],[-99.9424,21.4618],[-99.958,21.4827],[-99.9651,21.5051],[-99.957,21.5262],[-100.0623,21.5233],[-100.0761,21.5581],[-100.125,21.5935],[-100.147,21.6179],[-100.1746,21.6105],[-100.1671,21.6341],[-100.1806,21.6502],[-100.1939,21.6472],[-100.2232,21.6656],[-100.2463,21.6649],[-100.2771,21.6865],[-100.3221,21.6821],[-100.3514,21.6917],[-100.3755,21.6798],[-100.419,21.6747],[-100.4357,21.6807],[-100.4513,21.6663],[-100.4604,21.624],[-100.4724,21.6043],[-100.4715,21.5876],[-100.4554,21.5563],[-100.4643,21.5432],[-100.534,21.5423],[-100.5467,21.5323],[-100.5844,21.5223],[-100.615,21.5058],[-100.6143,21.5331],[-100.6575,21.5247],[-100.6824,21.5477],[-100.7176,21.5502],[-100.735,21.579],[-100.7513,21.5806],[-100.8576,21.619],[-100.8343,21.6646],[-100.853,21.6743],[-100.8701,21.6725],[-100.9024,21.682],[-100.9212,21.7003],[-100.9126,21.7136],[-100.9381,21.7205],[-100.9435,21.7326],[-100.9654,21.7349],[-100.982,21.7535],[-101.0592,21.7655],[-101.1361,21.7532],[-101.1613,21.7575],[-101.2198,21.8022],[-101.2172,21.8161],[-101.2607,21.8234],[-101.2928,21.8139],[-101.3195,21.8353],[-101.3653,21.8394],[-101.4227,21.825],[-101.4739,21.8274],[-101.4963,21.8099],[-101.5105,21.7991],[-101.5388,21.7773],[-101.5602,21.7799],[-101.5823,21.7727],[-101.5797,21.7364],[-101.5577,21.7351],[-101.5712,21.7064],[-101.5696,21.6904],[-101.5846,21.669],[-101.586,21.6078],[-101.6032,21.5936],[-101.6064,21.5646],[-101.6228,21.5448],[-101.6413,21.5266],[-101.589,21.4649],[-101.5804,21.4283],[-101.5704,21.4185],[-101.5976,21.421],[-101.6652,21.4044],[-101.6789,21.3934],[-101.6428,21.3551],[-101.6459,21.3283],[-101.6432,21.2993],[-101.6629,21.2866],[-101.686,21.2938],[-101.6977,21.2838],[-101.7358,21.2773],[-101.7597,21.2676],[-101.7738,21.22],[-101.7873,21.1564],[-101.804,21.1663],[-101.8106,21.1426],[-101.8334,21.1373],[-101.8308,21.1194],[-101.8177,21.107],[-101.8375,21.0968],[-101.8713,21.0953],[-101.8749,21.0701],[-101.8865,21.0611],[-101.9023,21.0321],[-101.9087,20.9986],[-101.9371,20.9558],[-101.9389,20.9306],[-101.9579,20.9352],[-101.9797,20.9248],[-102.0152,20.8825],[-102.015,20.8695],[-102.042,20.8461],[-102.0549,20.8463],[-102.08,20.8284],[-102.0769,20.8118],[-102.0958,20.7829],[-102.0877,20.7788],[-102.0674,20.7716],[-102.0734,20.7495],[-102.0404,20.7232],[-102.0144,20.7171],[-102.0191,20.6762],[-101.9701,20.6558],[-101.958,20.6267],[-101.9567,20.6004],[-101.969,20.5624],[-101.9848,20.5352],[-102.0094,20.545],[-102.0101,20.5261],[-102.0302,20.496],[-102.0461,20.4817],[-102.0466,20.454],[-102.0563,20.452],[-102.0793,20.4214],[-102.0963,20.3841],[-102.065,20.3749],[-102.022,20.3812],[-102.0138,20.3479],[-101.9964,20.3596],[-101.9678,20.3593],[-101.9464,20.3432],[-101.9505,20.2989],[-101.9415,20.2795],[-101.9449,20.2551],[-101.9344,20.2493],[-101.9399,20.2271],[-101.907,20.2133],[-101.9149,20.1944],[-101.8978,20.2041],[-101.8813,20.1991],[-101.8348,20.2247],[-101.8091,20.2044],[-101.7965,20.2128],[-101.7866,20.2193],[-101.7604,20.2019],[-101.7327,20.2107],[-101.7106,20.2053],[-101.6938,20.192],[-101.6855,20.2185],[-101.6693,20.2194],[-101.6633,20.2376],[-101.6474,20.2384],[-101.6438,20.2657],[-101.6255,20.267],[-101.6344,20.2903],[-101.6271,20.3034],[-101.6199,20.3155],[-101.5993,20.3071],[-101.5778,20.3264],[-101.5636,20.3205],[-101.5378,20.3244],[-101.4932,20.314],[-101.4811,20.3297],[-101.4601,20.3235]]]},"properties":{"cve":"11","municipio":"","estado":"Guanajuato","robos":7,"con_violencia":5,"indice":9.5,"nivel":1,"periodo":"ene-ago 2026","escala":"estatal"}},{"type":"Feature","geometry":{"type":"Polygon","coordinates":[[[-99.8591,20.2685],[-99.8419,20.2819],[-99.7904,20.238],[-99.7884,20.2231],[-99.7292,20.172],[-99.699,20.1724],[-99.6551,20.1631],[-99.641,20.1642],[-99.6294,20.1459],[-99.5996,20.1697],[-99.5726,20.1643],[-99.5512,20.1705],[-99.5287,20.1636],[-99.5122,20.1751],[-99.5053,20.1605],[-99.5187,20.1483],[-99.4871,20.1052],[-99.481,20.0822],[-99.4598,20.0655],[-99.4407,20.0134],[-99.4445,19.9851],[-99.4736,19.9544],[-99.484,19.9052],[-99.4327,19.8753],[-99.4301,19.8709],[-99.415,19.8505],[-99.3918,19.8599],[-99.3732,19.8515],[-99.3823,19.828],[-99.3878,19.7773],[-99.3435,19.7805],[-99.3355,19.7977],[-99.3216,19.7957],[-99.2969,19.8352],[-99.2787,19.8404],[-99.271,19.8586],[-99.248,19.8598],[-99.2359,19.8735],[-99.2183,19.8891],[-99.2239,19.902],[-99.2107,19.9145],[-99.226,19.95],[-99.2154,19.9546],[-99.1969,19.9848],[-99.1772,19.9931],[-99.1425,20.027],[-99.1182,20.0293],[-99.0894,20.0343],[-99.0709,20.018],[-99.0676,19.985],[-99.0476,19.9952],[-99.0345,19.9718],[-99.0113,19.9821],[-99.0133,20.0109],[-99.006,20.0264],[-99.0056,20.0532],[-98.9926,20.0657],[-98.9611,20.0409],[-98.9467,20.0275],[-98.9421,20.0006],[-98.9447,19.9751],[-98.9652,19.9739],[-98.9998,19.9418],[-98.9561,19.9282],[-98.9527,19.9067],[-98.966,19.8917],[-98.9892,19.8814],[-99.0206,19.8677],[-99.0001,19.8333],[-98.9702,19.8087],[-98.9455,19.8038],[-98.9276,19.8434],[-98.9079,19.8499],[-98.9139,19.8769],[-98.8832,19.9015],[-98.8706,19.895],[-98.8558,19.9043],[-98.844,19.882],[-98.8148,19.8678],[-98.7806,19.8835],[-98.7547,19.8768],[-98.7293,19.865],[-98.7128,19.8538],[-98.6872,19.8505],[-98.6976,19.8321],[-98.6607,19.8349],[-98.6398,19.8109],[-98.5969,19.7658],[-98.6081,19.7251],[-98.6323,19.7213],[-98.624,19.6969],[-98.6442,19.6488],[-98.6647,19.6604],[-98.6726,19.6314],[-98.6656,19.6062],[-98.638,19.5988],[-98.609,19.6024],[-98.5795,19.6377],[-98.5664,19.6403],[-98.5469,19.6215],[-98.5356,19.6344],[-98.5198,19.6031],[-98.4916,19.6074],[-98.4665,19.6137],[-98.4096,19.6167],[-98.3817,19.6094],[-98.367,19.6282],[-98.3238,19.6853],[-98.3317,19.7223],[-98.2725,19.7247],[-98.2553,19.7188],[-98.2382,19.7223],[-98.1958,19.7543],[-98.2098,19.7739],[-98.2352,19.7775],[-98.265,19.8251],[-98.2671,19.8433],[-98.2835,19.847],[-98.3145,19.8545],[-98.2866,19.8873],[-98.2694,19.8957],[-98.251,19.9349],[-98.2302,19.9494],[-98.2191,19.9672],[-98.1807,19.9598],[-98.167,19.9718],[-98.1742,19.9974],[-98.164,20.0225],[-98.1736,20.0338],[-98.1577,20.0842],[-98.1592,20.0931],[-98.1283,20.1072],[-98.1085,20.1208],[-98.1051,20.1423],[-98.1397,20.1503],[-98.1298,20.1766],[-98.15,20.2058],[-98.147,20.2206],[-98.1759,20.2542],[-98.192,20.2581],[-98.2083,20.2394],[-98.23,20.2361],[-98.2361,20.2235],[-98.2597,20.2153],[-98.2765,20.2205],[-98.2844,20.2628],[-98.2672,20.2723],[-98.2574,20.2986],[-98.2365,20.3043],[-98.2155,20.2915],[-98.1903,20.294],[-98.1804,20.3034],[-98.18,20.3359],[-98.1633,20.3278],[-98.1268,20.3362],[-98.1125,20.3543],[-98.0997,20.3824],[-98.0939,20.3866],[-98.0632,20.436],[-98.0256,20.4486],[-98.0128,20.4667],[-98.0086,20.4829],[-97.9888,20.4954],[-97.985,20.517],[-98.0042,20.5249],[-98.0287,20.5897],[-98.0177,20.6017],[-98.021,20.6268],[-98.04,20.6319],[-98.0668,20.6739],[-98.0875,20.6225],[-98.1005,20.614],[-98.1112,20.6162],[-98.108,20.6121],[-98.1496,20.5628],[-98.1725,20.5301],[-98.2121,20.5285],[-98.2287,20.5208],[-98.2399,20.5014],[-98.2637,20.4914],[-98.2774,20.4727],[-98.3157,20.4457],[-98.3173,20.4288],[-98.321,20.418],[-98.3553,20.4018],[-98.3862,20.4027],[-98.4183,20.38],[-98.4585,20.3337],[-98.4696,20.3351],[-98.5059,20.3354],[-98.5345,20.347],[-98.5474,20.3612],[-98.5431,20.3756],[-98.5502,20.3957],[-98.5504,20.4325],[-98.5537,20.4464],[-98.595,20.4911],[-98.5841,20.5044],[-98.5581,20.5109],[-98.5347,20.5307],[-98.5245,20.5484],[-98.5211,20.5844],[-98.5059,20.5962],[-98.4785,20.5943],[-98.4948,20.6443],[-98.4674,20.6661],[-98.4599,20.6962],[-98.4292,20.7164],[-98.4255,20.7489],[-98.4665,20.7103],[-98.4972,20.6999],[-98.5251,20.6818],[-98.5361,20.6634],[-98.5502,20.6894],[-98.5291,20.704],[-98.532,20.7133],[-98.5128,20.7332],[-98.4756,20.7392],[-98.456,20.7556],[-98.4643,20.7719],[-98.4496,20.8061],[-98.4437,20.8343],[-98.4251,20.8496],[-98.3982,20.8587],[-98.3819,20.8535],[-98.3451,20.8649],[-98.3529,20.836],[-98.3272,20.828],[-98.3148,20.8098],[-98.3435,20.7979],[-98.326,20.7842],[-98.3078,20.801],[-98.292,20.7855],[-98.248,20.7894],[-98.2269,20.8162],[-98.2538,20.8228],[-98.2623,20.8469],[-98.2608,20.8715],[-98.251,20.8973],[-98.2249,20.9066],[-98.2373,20.931],[-98.2257,20.9594],[-98.2098,20.9707],[-98.215,20.9896],[-98.1909,21.0264],[-98.1726,21.0208],[-98.1557,21.0334],[-98.1491,21.083],[-98.1876,21.1108],[-98.206,21.1268],[-98.2081,21.143],[-98.2273,21.1504],[-98.2491,21.1294],[-98.2647,21.1412],[-98.2822,21.1364],[-98.2955,21.1483],[-98.2781,21.1745],[-98.2962,21.188],[-98.3094,21.185],[-98.3407,21.1698],[-98.365,21.1617],[-98.4164,21.155],[-98.424,21.1673],[-98.4464,21.1797],[-98.4535,21.211],[-98.477,21.2524],[-98.5165,21.2443],[-98.5412,21.2695],[-98.4978,21.3279],[-98.4852,21.3501],[-98.4656,21.3471],[-98.4674,21.3786],[-98.4798,21.3966],[-98.5043,21.3894],[-98.5295,21.3677],[-98.5391,21.3834],[-98.5682,21.3717],[-98.5875,21.3724],[-98.6033,21.3579],[-98.644,21.3665],[-98.6528,21.3468],[-98.6836,21.3419],[-98.671,21.325],[-98.6476,21.3123],[-98.6336,21.3134],[-98.5991,21.2921],[-98.6077,21.2565],[-98.6013,21.2321],[-98.6091,21.201],[-98.6396,21.1831],[-98.6579,21.1855],[-98.6772,21.1995],[-98.6946,21.1783],[-98.6911,21.1675],[-98.7052,21.1872],[-98.7195,21.1842],[-98.7551,21.1867],[-98.7687,21.1744],[-98.7888,21.1664],[-98.8245,21.1612],[-98.8638,21.1884],[-98.8829,21.1926],[-98.9036,21.2127],[-98.9148,21.2273],[-98.921,21.2624],[-98.9326,21.2983],[-98.9425,21.3027],[-98.945,21.3113],[-98.9779,21.2964],[-99.0128,21.2954],[-99.0431,21.2796],[-99.0551,21.2825],[-99.0512,21.2534],[-99.0699,21.2431],[-99.0735,21.2304],[-99.0524,21.2195],[-99.0431,21.1787],[-99.0548,21.1594],[-99.0913,21.153],[-99.1326,21.153],[-99.1749,21.1385],[-99.1809,21.1266],[-99.2055,21.119],[-99.2154,21.1062],[-99.2436,21.1039],[-99.2572,21.1049],[-99.2823,21.1221],[-99.2826,21.1306],[-99.3086,21.1473],[-99.336,21.1301],[-99.3459,21.1012],[-99.3899,21.1024],[-99.3995,21.0941],[-99.3896,21.0718],[-99.3727,21.0734],[-99.3639,21.0485],[-99.3681,21.0256],[-99.384,21.0097],[-99.3963,20.981],[-99.3904,20.9536],[-99.4044,20.9291],[-99.413,20.905],[-99.4324,20.901],[-99.4486,20.8577],[-99.4826,20.8392],[-99.4852,20.8181],[-99.5028,20.7886],[-99.4965,20.7813],[-99.523,20.7546],[-99.5428,20.7462],[-99.547,20.7277],[-99.5355,20.7114],[-99.5057,20.6849],[-99.5019,20.659],[-99.531,20.6549],[-99.5412,20.6434],[-99.5737,20.6348],[-99.5781,20.6209],[-99.6076,20.6062],[-99.658,20.6018],[-99.6854,20.579],[-99.7279,20.5754],[-99.7353,20.5649],[-99.7459,20.5593],[-99.7793,20.5593],[-99.803,20.5455],[-99.8281,20.5425],[-99.8351,20.481],[-99.8354,20.4778],[-99.8591,20.2685]]]},"properties":{"cve":"13","municipio":"","estado":"Hidalgo","robos":19,"con_violencia":8,"indice":23.0,"nivel":2,"periodo":"ene-ago 2026","escala":"estatal"}},{"type":"Feature","geometry":{"type":"Polygon","coordinates":[[[-104.7752,19.2391],[-104.7586,19.2286],[-104.7385,19.24],[-104.7337,19.2215],[-104.6987,19.22],[-104.6858,19.207],[-104.6902,19.1765],[-104.6704,19.1857],[-104.6286,19.1732],[-104.6131,19.1565],[-104.591,19.1499],[-104.6003,19.1791],[-104.5769,19.1802],[-104.5676,19.2001],[-104.5704,19.2148],[-104.5545,19.2371],[-104.5233,19.2604],[-104.5061,19.2451],[-104.4884,19.2472],[-104.474,19.2365],[-104.4597,19.254],[-104.4384,19.2629],[-104.4392,19.278],[-104.4203,19.2796],[-104.3869,19.2714],[-104.3743,19.2819],[-104.3579,19.2706],[-104.3411,19.2899],[-104.3148,19.2794],[-104.294,19.3035],[-104.2828,19.2973],[-104.2477,19.3122],[-104.2233,19.3017],[-104.1895,19.3024],[-104.1735,19.3143],[-104.1229,19.321],[-104.1333,19.3537],[-104.1188,19.3717],[-104.0902,19.393],[-104.0709,19.4352],[-104.0866,19.442],[-104.0715,19.4835],[-104.0617,19.4977],[-104.0056,19.4723],[-103.974,19.4746],[-103.9648,19.4542],[-103.8995,19.4345],[-103.9088,19.4536],[-103.8911,19.4636],[-103.8794,19.4445],[-103.8638,19.4474],[-103.8548,19.4309],[-103.8345,19.4398],[-103.8208,19.4105],[-103.7927,19.4275],[-103.752,19.4452],[-103.7346,19.4437],[-103.7162,19.457],[-103.6904,19.492],[-103.6183,19.5125],[-103.6124,19.4889],[-103.6154,19.475],[-103.5863,19.4395],[-103.5772,19.4169],[-103.5562,19.407],[-103.5248,19.3691],[-103.5235,19.3595],[-103.4865,19.3379],[-103.5067,19.2923],[-103.5095,19.2418],[-103.5141,19.2172],[-103.4976,19.1746],[-103.5092,19.156],[-103.511,19.132],[-103.5236,19.1156],[-103.5175,19.0982],[-103.5256,19.0778],[-103.4885,19.0276],[-103.4968,19.0113],[-103.4886,18.9649],[-103.4778,18.9841],[-103.4605,18.977],[-103.4413,18.9835],[-103.4195,18.9813],[-103.3957,18.9673],[-103.3842,18.9778],[-103.3583,18.98],[-103.3325,18.9733],[-103.2874,18.9924],[-103.2484,19.0145],[-103.2247,19.0193],[-103.2032,18.9785],[-103.2049,18.9685],[-103.1734,18.9363],[-103.151,18.9261],[-103.1345,18.9311],[-103.1082,18.9517],[-103.0881,18.9841],[-103.0621,19.0022],[-103.0667,19.0223],[-103.045,19.032],[-103.0304,19.0361],[-103.0252,19.0531],[-102.9919,19.0529],[-103.016,19.0792],[-103.0119,19.1075],[-103.0192,19.1325],[-103.0045,19.1376],[-102.9767,19.1264],[-102.9794,19.1524],[-102.9601,19.1741],[-102.9147,19.1796],[-102.8842,19.2057],[-102.8489,19.1997],[-102.8314,19.2146],[-102.7924,19.2278],[-102.7902,19.2425],[-102.7732,19.2454],[-102.7538,19.2558],[-102.6766,19.218],[-102.6518,19.2355],[-102.6382,19.2627],[-102.6382,19.2951],[-102.6255,19.315],[-102.6112,19.3228],[-102.6011,19.3645],[-102.5688,19.4126],[-102.5651,19.4352],[-102.5446,19.4333],[-102.5647,19.4623],[-102.5427,19.478],[-102.5491,19.4924],[-102.5759,19.4981],[-102.5719,19.5112],[-102.5823,19.5283],[-102.6205,19.4988],[-102.6575,19.4872],[-102.6708,19.4906],[-102.673,19.512],[-102.6895,19.5134],[-102.7241,19.493],[-102.7389,19.4987],[-102.7106,19.5413],[-102.7135,19.5633],[-102.7253,19.5839],[-102.716,19.6003],[-102.7207,19.6107],[-102.7476,19.6128],[-102.7603,19.6272],[-102.7772,19.629],[-102.7927,19.6626],[-102.7967,19.6824],[-102.7805,19.7018],[-102.7942,19.7254],[-102.8183,19.7799],[-102.7943,19.8127],[-102.7591,19.808],[-102.7303,19.8545],[-102.7425,19.8788],[-102.7313,19.8989],[-102.7706,19.9299],[-102.784,19.9512],[-102.882,19.9758],[-102.9089,19.9707],[-102.9263,19.9842],[-102.9436,19.9841],[-102.9585,19.9954],[-102.9938,19.9839],[-103.0155,19.9598],[-103.0362,19.9694],[-103.0503,19.9966],[-103.0456,20.0111],[-103.0248,20.0348],[-103.0216,20.0533],[-103.031,20.0659],[-103.0412,20.0899],[-103.0329,20.1108],[-103.0314,20.1366],[-103.0048,20.1382],[-102.996,20.1256],[-102.9441,20.1308],[-102.9432,20.1498],[-102.9541,20.1709],[-102.8755,20.1576],[-102.866,20.1624],[-102.8454,20.1233],[-102.8163,20.106],[-102.7847,20.1376],[-102.7306,20.1664],[-102.6897,20.166],[-102.6797,20.1715],[-102.6829,20.2067],[-102.6846,20.2122],[-102.679,20.2269],[-102.6609,20.2315],[-102.6387,20.2241],[-102.6273,20.2294],[-102.6109,20.2687],[-102.5902,20.2585],[-102.5467,20.2786],[-102.5224,20.2757],[-102.5308,20.2951],[-102.4906,20.3086],[-102.4861,20.3201],[-102.4478,20.3383],[-102.4324,20.341],[-102.4003,20.3279],[-102.3688,20.3281],[-102.3472,20.3347],[-102.3269,20.3495],[-102.2979,20.3539],[-102.2678,20.3357],[-102.2215,20.3446],[-102.2194,20.3511],[-102.1801,20.3553],[-102.1625,20.3796],[-102.1343,20.3759],[-102.0963,20.3841],[-102.0793,20.4214],[-102.0563,20.452],[-102.0466,20.454],[-102.0461,20.4817],[-102.0302,20.496],[-102.0101,20.5261],[-102.0094,20.545],[-101.9848,20.5352],[-101.969,20.5624],[-101.9567,20.6004],[-101.958,20.6267],[-101.9701,20.6558],[-102.0191,20.6762],[-102.0144,20.7171],[-102.0404,20.7232],[-102.0734,20.7495],[-102.0674,20.7716],[-102.0877,20.7788],[-102.0958,20.7829],[-102.0769,20.8118],[-102.08,20.8284],[-102.0549,20.8463],[-102.042,20.8461],[-102.015,20.8695],[-102.0152,20.8825],[-101.9797,20.9248],[-101.9579,20.9352],[-101.9389,20.9306],[-101.9371,20.9558],[-101.9087,20.9986],[-101.9023,21.0321],[-101.8865,21.0611],[-101.8749,21.0701],[-101.8713,21.0953],[-101.8375,21.0968],[-101.8177,21.107],[-101.8308,21.1194],[-101.8334,21.1373],[-101.8106,21.1426],[-101.804,21.1663],[-101.7873,21.1564],[-101.7738,21.22],[-101.7597,21.2676],[-101.7358,21.2773],[-101.6977,21.2838],[-101.686,21.2938],[-101.6629,21.2866],[-101.6432,21.2993],[-101.6459,21.3283],[-101.6428,21.3551],[-101.6789,21.3934],[-101.6652,21.4044],[-101.5976,21.421],[-101.5704,21.4185],[-101.5804,21.4283],[-101.589,21.4649],[-101.6413,21.5266],[-101.6228,21.5448],[-101.6064,21.5646],[-101.6032,21.5936],[-101.586,21.6078],[-101.5846,21.669],[-101.5696,21.6904],[-101.5712,21.7064],[-101.5577,21.7351],[-101.5797,21.7364],[-101.5823,21.7727],[-101.5602,21.7799],[-101.5388,21.7773],[-101.5105,21.7991],[-101.522,21.818],[-101.5371,21.8106],[-101.5482,21.8341],[-101.5614,21.8361],[-101.5698,21.9171],[-101.6204,21.9186],[-101.6507,21.9077],[-101.6591,21.9416],[-101.6829,21.9629],[-101.7323,21.9951],[-101.751,22.0146],[-101.7776,22.0073],[-101.7848,22.0227],[-101.8019,22.0278],[-101.8157,22.02],[-101.8617,22.0289],[-101.8638,21.99],[-101.8913,21.9766],[-101.8978,21.9584],[-101.8723,21.9465],[-101.8353,21.9418],[-101.838,21.9073],[-101.8802,21.9101],[-101.9412,21.8895],[-102.02,21.8625],[-102.0384,21.8532],[-102.0417,21.8231],[-102.0551,21.8164],[-102.0645,21.7962],[-102.0946,21.7777],[-102.0887,21.7671],[-102.1047,21.7519],[-102.1421,21.7054],[-102.1714,21.707],[-102.1779,21.6882],[-102.2143,21.6948],[-102.227,21.6568],[-102.2954,21.6531],[-102.3102,21.6266],[-102.3257,21.6223],[-102.3844,21.6519],[-102.4196,21.6694],[-102.4415,21.6734],[-102.4569,21.6981],[-102.4684,21.6979],[-102.5425,21.7326],[-102.5552,21.7436],[-102.5831,21.7439],[-102.5963,21.744],[-102.6335,21.7673],[-102.6713,21.7625],[-102.6907,21.7524],[-102.6963,21.7288],[-102.7228,21.7191],[-102.7453,21.7201],[-102.7477,21.716],[-102.7615,21.6929],[-102.7792,21.6792],[-102.8053,21.671],[-102.8028,21.6675],[-102.7836,21.6598],[-102.7638,21.5958],[-102.7374,21.5868],[-102.7175,21.5715],[-102.6951,21.5729],[-102.6975,21.5491],[-102.642,21.5359],[-102.6422,21.5187],[-102.6248,21.5014],[-102.6488,21.4748],[-102.6369,21.4589],[-102.655,21.4401],[-102.6526,21.4059],[-102.6415,21.3865],[-102.6426,21.3672],[-102.6818,21.3392],[-102.7001,21.3457],[-102.7006,21.3613],[-102.7133,21.3798],[-102.7291,21.3874],[-102.728,21.3571],[-102.7578,21.3392],[-102.7553,21.3232],[-102.7739,21.3168],[-102.7837,21.3295],[-102.8176,21.3185],[-102.8155,21.2945],[-102.8371,21.3034],[-102.8488,21.2932],[-102.8636,21.2529],[-102.8774,21.2368],[-102.903,21.2352],[-102.9107,21.2052],[-102.9478,21.2146],[-102.9499,21.2345],[-102.9781,21.2405],[-102.9895,21.2567],[-103.0451,21.2492],[-103.0496,21.2634],[-103.0699,21.2319],[-103.0836,21.1821],[-103.0713,21.1534],[-103.0807,21.1383],[-103.0986,21.1312],[-103.0728,21.0983],[-103.0583,21.0985],[-103.0746,21.0743],[-103.126,21.0548],[-103.1533,21.0697],[-103.1834,21.0719],[-103.1901,21.086],[-103.2091,21.0941],[-103.2326,21.0791],[-103.2582,21.0831],[-103.2615,21.0634],[-103.2798,21.0568],[-103.3285,21.0553],[-103.347,21.0442],[-103.3684,21.0567],[-103.3976,21.085],[-103.3957,21.0976],[-103.4232,21.1241],[-103.4351,21.142],[-103.4688,21.1435],[-103.5041,21.1277],[-103.5146,21.1447],[-103.534,21.1307],[-103.5701,21.1178],[-103.5917,21.1286],[-103.6042,21.1537],[-103.6146,21.1582],[-103.6114,21.1787],[-103.6245,21.1931],[-103.6535,21.2087],[-103.6402,21.2221],[-103.6413,21.2595],[-103.6351,21.2832],[-103.6658,21.2906],[-103.6899,21.2854],[-103.7162,21.2679],[-103.7208,21.308],[-103.7032,21.3259],[-103.6822,21.3188],[-103.6634,21.3383],[-103.603,21.3491],[-103.5844,21.3354],[-103.5581,21.3482],[-103.5233,21.352],[-103.5039,21.3768],[-103.5147,21.3964],[-103.5483,21.4405],[-103.5817,21.4268],[-103.5957,21.3926],[-103.6243,21.4185],[-103.6342,21.4393],[-103.6535,21.4359],[-103.6693,21.4657],[-103.7004,21.4682],[-103.6914,21.4961],[-103.6798,21.5112],[-103.6901,21.5496],[-103.6864,21.5565],[-103.6736,21.5549],[-103.6449,21.5765],[-103.6216,21.5584],[-103.5967,21.5655],[-103.5915,21.5891],[-103.5547,21.5766],[-103.5455,21.5882],[-103.5555,21.6341],[-103.5487,21.6499],[-103.5267,21.6756],[-103.5091,21.7418],[-103.5288,21.7732],[-103.5404,21.7706],[-103.5691,21.7886],[-103.5726,21.8035],[-103.5261,21.8051],[-103.5315,21.8174],[-103.5028,21.8331],[-103.4947,21.8229],[-103.4585,21.8352],[-103.4517,21.8527],[-103.419,21.8962],[-103.4084,21.9076],[-103.3892,21.8987],[-103.3748,21.9137],[-103.3453,21.9144],[-103.3387,21.9423],[-103.3101,21.9591],[-103.2786,21.9897],[-103.2647,21.9718],[-103.2451,21.9772],[-103.2215,21.968],[-103.1931,21.9696],[-103.1918,21.9982],[-103.1725,21.9966],[-103.1437,22.008],[-103.1328,22.003],[-103.11,22.0174],[-103.1062,22.047],[-103.1079,22.0634],[-103.1543,22.0722],[-103.1266,22.104],[-103.1042,22.1012],[-103.0845,22.114],[-103.0776,22.1357],[-103.1087,22.1534],[-103.1014,22.1786],[-103.1061,22.1914],[-103.0583,22.2228],[-103.0576,22.2379],[-103.0787,22.2582],[-103.083,22.2771],[-103.099,22.2923],[-103.1906,22.2985],[-103.2144,22.2775],[-103.2204,22.2964],[-103.2101,22.3283],[-103.1941,22.332],[-103.1687,22.3557],[-103.1709,22.3847],[-103.1894,22.3902],[-103.2196,22.4105],[-103.2347,22.3968],[-103.2596,22.4113],[-103.2858,22.4128],[-103.3054,22.3904],[-103.3647,22.3695],[-103.3626,22.3364],[-103.351,22.3247],[-103.3525,22.2813],[-103.3384,22.2875],[-103.3277,22.3074],[-103.2978,22.2983],[-103.3121,22.2589],[-103.2991,22.2491],[-103.3119,22.2333],[-103.3377,22.2452],[-103.383,22.227],[-103.3857,22.2125],[-103.409,22.2154],[-103.426,22.1746],[-103.43,22.1356],[-103.4496,22.1144],[-103.4769,22.1141],[-103.5016,22.1056],[-103.5159,22.1099],[-103.5158,22.129],[-103.5382,22.1214],[-103.5585,22.1365],[-103.5803,22.1257],[-103.6047,22.0979],[-103.6285,22.1063],[-103.648,22.1005],[-103.6717,22.1088],[-103.6908,22.1283],[-103.661,22.167],[-103.6491,22.2021],[-103.6309,22.2389],[-103.5997,22.2777],[-103.6192,22.2818],[-103.6378,22.2952],[-103.645,22.3178],[-103.635,22.3435],[-103.6067,22.3383],[-103.5928,22.3893],[-103.594,22.4072],[-103.5606,22.4231],[-103.5722,22.4411],[-103.5715,22.4692],[-103.5812,22.4986],[-103.5919,22.5028],[-103.6102,22.5595],[-103.6353,22.5601],[-103.6628,22.548],[-103.7115,22.5645],[-103.7266,22.5741],[-103.7445,22.5585],[-103.7691,22.5558],[-103.7843,22.5063],[-103.7838,22.4879],[-103.8063,22.4418],[-103.8112,22.3767],[-103.8454,22.3428],[-103.8461,22.331],[-103.8292,22.2899],[-103.8452,22.2614],[-103.8441,22.2221],[-103.8622,22.1718],[-103.8731,22.1784],[-103.887,22.2271],[-103.9017,22.2371],[-103.9175,22.2645],[-103.9112,22.2844],[-103.926,22.3316],[-103.8826,22.4016],[-103.866,22.4152],[-103.8873,22.4321],[-103.8812,22.4747],[-103.8697,22.4737],[-103.8623,22.5019],[-103.8752,22.5216],[-103.8669,22.5447],[-103.8538,22.5498],[-103.8553,22.575],[-103.8196,22.5956],[-103.7735,22.6115],[-103.7617,22.6271],[-103.7685,22.6433],[-103.7587,22.6584],[-103.7632,22.677],[-103.7513,22.695],[-103.7548,22.7195],[-103.7814,22.7298],[-103.8541,22.7298],[-103.8751,22.7372],[-103.8983,22.7283],[-103.91,22.7501],[-103.9329,22.7453],[-103.9919,22.748],[-104.0257,22.7433],[-104.0477,22.7122],[-104.0642,22.707],[-104.0466,22.6842],[-104.0155,22.6689],[-104.0332,22.6322],[-104.0181,22.597],[-103.9889,22.5925],[-103.9839,22.5541],[-104.0056,22.5366],[-103.9848,22.5191],[-103.9417,22.5022],[-103.9312,22.4767],[-103.9386,22.4627],[-103.9587,22.4511],[-103.9918,22.4111],[-104.0232,22.3645],[-104.0488,22.3764],[-104.0675,22.3614],[-104.0973,22.3578],[-104.0949,22.3763],[-104.0807,22.3909],[-104.0622,22.4513],[-104.0516,22.4667],[-104.0548,22.4894],[-104.0712,22.5024],[-104.0688,22.522],[-104.0799,22.5332],[-104.1027,22.5314],[-104.1431,22.5047],[-104.1557,22.5154],[-104.1895,22.5078],[-104.2023,22.4887],[-104.1868,22.4663],[-104.1908,22.446],[-104.1716,22.4431],[-104.1775,22.4233],[-104.1646,22.3924],[-104.1777,22.3896],[-104.2088,22.4225],[-104.241,22.4128],[-104.2544,22.3925],[-104.2579,22.3477],[-104.2926,22.3443],[-104.2956,22.2769],[-104.3286,22.2455],[-104.3407,22.2064],[-104.3366,22.1867],[-104.3563,22.1654],[-104.3647,22.1124],[-104.3732,22.1014],[-104.3615,22.0529],[-104.371,21.9794],[-104.3637,21.974],[-104.3255,21.9767],[-104.2958,22.0024],[-104.2814,21.9997],[-104.2772,21.9824],[-104.2453,21.9669],[-104.212,21.9831],[-104.1933,21.9854],[-104.1737,21.9709],[-104.1797,21.9375],[-104.1993,21.911],[-104.2,21.8943],[-104.1793,21.8604],[-104.1892,21.849],[-104.1607,21.8099],[-104.1304,21.7905],[-104.094,21.7859],[-104.0526,21.7946],[-103.9778,21.7713],[-103.9445,21.7768],[-103.9226,21.771],[-103.9164,21.7569],[-103.9265,21.7363],[-103.9014,21.7173],[-103.8904,21.6994],[-103.9088,21.6738],[-103.9208,21.6689],[-103.9302,21.6419],[-103.9076,21.6178],[-103.9232,21.59],[-103.8927,21.566],[-103.8853,21.5542],[-103.8551,21.5484],[-103.8594,21.5241],[-103.8366,21.5127],[-103.8258,21.4945],[-103.8009,21.4883],[-103.7801,21.5],[-103.7687,21.4828],[-103.7509,21.4763],[-103.742,21.4416],[-103.7209,21.4254],[-103.7513,21.4175],[-103.7654,21.386],[-103.7413,21.3741],[-103.7457,21.363],[-103.7496,21.3369],[-103.7991,21.3033],[-103.825,21.2719],[-103.8185,21.249],[-103.84,21.2398],[-103.8619,21.2489],[-103.9179,21.231],[-103.9459,21.238],[-103.9713,21.2563],[-104.0161,21.2276],[-104.0158,21.2085],[-104.0718,21.1886],[-104.0982,21.2005],[-104.1144,21.1899],[-104.1473,21.1916],[-104.1581,21.1849],[-104.1964,21.1936],[-104.2194,21.1766],[-104.2251,21.1508],[-104.2106,21.1306],[-104.2167,21.0858],[-104.2384,21.0523],[-104.2407,21.0217],[-104.2243,21.0076],[-104.2385,20.9917],[-104.2331,20.9687],[-104.2048,20.9599],[-104.2474,20.9188],[-104.2595,20.894],[-104.2895,20.888],[-104.2791,20.8645],[-104.2923,20.8488],[-104.3184,20.8386],[-104.3347,20.8467],[-104.3584,20.8343],[-104.3504,20.8116],[-104.3759,20.7841],[-104.3283,20.7981],[-104.2976,20.7708],[-104.2829,20.7835],[-104.2599,20.7353],[-104.2478,20.7265],[-104.2414,20.71],[-104.2473,20.6899],[-104.2523,20.6807],[-104.238,20.6607],[-104.2562,20.652],[-104.2518,20.6078],[-104.2568,20.6035],[-104.282,20.629],[-104.2871,20.6872],[-104.3036,20.6927],[-104.3238,20.7173],[-104.35,20.726],[-104.3766,20.7469],[-104.3966,20.7808],[-104.441,20.8077],[-104.4479,20.8036],[-104.5032,20.8418],[-104.5064,20.8608],[-104.5244,20.8858],[-104.5437,20.898],[-104.5429,20.9119],[-104.5782,20.934],[-104.6189,20.9238],[-104.6291,20.9242],[-104.681,20.9438],[-104.6926,20.9617],[-104.7294,20.9832],[-104.7317,21.0123],[-104.7729,21.0096],[-104.7794,21.0212],[-104.7996,21.0157],[-104.8277,21.0181],[-104.8598,20.9939],[-104.8676,20.9946],[-104.9,20.9635],[-104.8991,20.9485],[-104.9532,20.9301],[-104.9688,20.909],[-104.9888,20.9214],[-105.0053,20.9222],[-105.0316,20.9092],[-105.0468,20.9343],[-105.088,20.9232],[-105.1302,20.8886],[-105.1526,20.8626],[-105.166,20.8238],[-105.1734,20.7678],[-105.197,20.7772],[-105.2352,20.7474],[-105.2385,20.726],[-105.2627,20.6892],[-105.281,20.672],[-105.2451,20.6533],[-105.2338,20.6353],[-105.2334,20.6146],[-105.2584,20.5572],[-105.2874,20.5449],[-105.2929,20.5319],[-105.3255,20.5123],[-105.3697,20.5042],[-105.3953,20.5078],[-105.4303,20.4995],[-105.4481,20.4887],[-105.4646,20.4964],[-105.4893,20.4902],[-105.5179,20.4935],[-105.5739,20.4838],[-105.6142,20.4716],[-105.6524,20.4305],[-105.669,20.4273],[-105.6721,20.4078],[-105.6952,20.4057],[-105.6923,20.388],[-105.6706,20.3381],[-105.6562,20.3177],[-105.6122,20.2826],[-105.5848,20.2556],[-105.5808,20.2366],[-105.5596,20.232],[-105.5468,20.2035],[-105.5432,20.1814],[-105.549,20.1618],[-105.5453,20.1118],[-105.5482,20.094],[-105.5104,20.0206],[-105.4924,19.9911],[-105.4032,19.8728],[-105.3583,19.8227],[-105.3329,19.7854],[-105.3303,19.7664],[-105.3094,19.749],[-105.2873,19.7163],[-105.2718,19.7055],[-105.2613,19.6789],[-105.2203,19.6457],[-105.2,19.6223],[-105.1807,19.6207],[-105.1508,19.6012],[-105.1441,19.5791],[-105.1187,19.587],[-105.089,19.5605],[-105.0802,19.504],[-105.0638,19.4955],[-105.0713,19.4718],[-105.0427,19.4464],[-105.0332,19.4449],[-105.0175,19.4087],[-105.0325,19.3896],[-104.9954,19.3629],[-104.9503,19.3202],[-104.9106,19.2974],[-104.8777,19.2841],[-104.8271,19.3077],[-104.8067,19.3032],[-104.7903,19.2891],[-104.8093,19.2473],[-104.807,19.2356],[-104.7752,19.2391]]]},"properties":{"cve":"14","municipio":"","estado":"Jalisco","robos":61,"con_violencia":58,"indice":90.0,"nivel":3,"periodo":"ene-ago 2026","escala":"estatal"}},{"type":"Feature","geometry":{"type":"Polygon","coordinates":[[[-98.9611,20.0409],[-98.9926,20.0657],[-99.0056,20.0532],[-99.006,20.0264],[-99.0133,20.0109],[-99.0113,19.9821],[-99.0345,19.9718],[-99.0476,19.9952],[-99.0676,19.985],[-99.0709,20.018],[-99.0894,20.0343],[-99.1182,20.0293],[-99.1425,20.027],[-99.1772,19.9931],[-99.1969,19.9848],[-99.2154,19.9546],[-99.226,19.95],[-99.2107,19.9145],[-99.2239,19.902],[-99.2183,19.8891],[-99.2359,19.8735],[-99.248,19.8598],[-99.271,19.8586],[-99.2787,19.8404],[-99.2969,19.8352],[-99.3216,19.7957],[-99.3355,19.7977],[-99.3435,19.7805],[-99.3878,19.7773],[-99.3823,19.828],[-99.3732,19.8515],[-99.3918,19.8599],[-99.415,19.8505],[-99.4301,19.8709],[-99.4327,19.8753],[-99.484,19.9052],[-99.4736,19.9544],[-99.4445,19.9851],[-99.4407,20.0134],[-99.4598,20.0655],[-99.481,20.0822],[-99.4871,20.1052],[-99.5187,20.1483],[-99.5053,20.1605],[-99.5122,20.1751],[-99.5287,20.1636],[-99.5512,20.1705],[-99.5726,20.1643],[-99.5996,20.1697],[-99.6294,20.1459],[-99.641,20.1642],[-99.6551,20.1631],[-99.699,20.1724],[-99.7292,20.172],[-99.7884,20.2231],[-99.7904,20.238],[-99.8419,20.2819],[-99.8591,20.2685],[-99.9133,20.2859],[-99.934,20.2504],[-99.9224,20.2311],[-99.9184,20.2118],[-99.9509,20.2159],[-99.9607,20.2545],[-99.9849,20.2648],[-99.9777,20.2391],[-99.9668,20.2075],[-99.9486,20.1913],[-99.9358,20.1693],[-99.9311,20.1424],[-99.9422,20.1201],[-99.9235,20.0817],[-99.9263,20.0643],[-99.9804,20.0609],[-99.9785,20.074],[-100.0004,20.0775],[-100.0057,20.0644],[-100.0316,20.0531],[-100.0438,20.0366],[-100.0575,20.0399],[-100.0769,20.0295],[-100.0987,20.025],[-100.1379,20.0443],[-100.1525,20.0528],[-100.1577,20.0179],[-100.116,20.0061],[-100.1314,19.982],[-100.1301,19.9162],[-100.1192,19.9121],[-100.0911,19.86],[-100.1254,19.8567],[-100.1342,19.8455],[-100.1463,19.8147],[-100.1453,19.7572],[-100.1499,19.7277],[-100.1669,19.7103],[-100.1922,19.7016],[-100.2585,19.7002],[-100.2675,19.6772],[-100.2651,19.662],[-100.2475,19.6345],[-100.2469,19.5977],[-100.2375,19.5572],[-100.2276,19.5579],[-100.1964,19.5317],[-100.2019,19.4995],[-100.1777,19.4926],[-100.201,19.4928],[-100.2075,19.4611],[-100.1897,19.4405],[-100.2159,19.4134],[-100.2374,19.4035],[-100.2638,19.4032],[-100.2931,19.3951],[-100.2944,19.3809],[-100.3124,19.3624],[-100.3017,19.3429],[-100.3068,19.3269],[-100.318,19.3181],[-100.3197,19.2618],[-100.3377,19.227],[-100.3725,19.1937],[-100.3782,19.1711],[-100.3616,19.1547],[-100.3895,19.1429],[-100.4088,19.0752],[-100.4141,19.0648],[-100.4471,19.052],[-100.459,19.033],[-100.479,19.032],[-100.516,19.0091],[-100.5276,19.0103],[-100.5239,18.9985],[-100.5448,18.9659],[-100.5495,18.9469],[-100.5742,18.9145],[-100.5899,18.9153],[-100.6005,18.8929],[-100.6131,18.8871],[-100.5843,18.8582],[-100.5386,18.8441],[-100.4935,18.8239],[-100.4818,18.7987],[-100.4532,18.7809],[-100.4314,18.7807],[-100.4222,18.7635],[-100.4371,18.7506],[-100.4545,18.6944],[-100.4734,18.6909],[-100.4884,18.6532],[-100.4743,18.6192],[-100.4514,18.6239],[-100.4297,18.5993],[-100.4479,18.5607],[-100.4466,18.5457],[-100.4299,18.511],[-100.4114,18.5207],[-100.396,18.5405],[-100.3824,18.5373],[-100.362,18.4968],[-100.3803,18.4557],[-100.3854,18.4265],[-100.3594,18.4235],[-100.3461,18.4003],[-100.3057,18.3681],[-100.292,18.3816],[-100.2679,18.3795],[-100.269,18.3999],[-100.2576,18.4284],[-100.2456,18.4213],[-100.227,18.4309],[-100.2171,18.4459],[-100.1857,18.4551],[-100.1581,18.492],[-100.1273,18.5023],[-100.12,18.5162],[-100.09,18.5222],[-100.0768,18.5488],[-100.0689,18.5644],[-100.0681,18.5912],[-100.0644,18.5859],[-100.0215,18.6037],[-99.9897,18.5697],[-99.9617,18.553],[-99.9604,18.5666],[-99.9429,18.5899],[-99.9167,18.5979],[-99.8834,18.6191],[-99.8581,18.6123],[-99.8319,18.6269],[-99.7942,18.6299],[-99.7861,18.6396],[-99.7843,18.6623],[-99.7708,18.6875],[-99.7549,18.6974],[-99.7572,18.7137],[-99.7388,18.7373],[-99.7065,18.7355],[-99.6881,18.7432],[-99.7092,18.7688],[-99.697,18.7863],[-99.6615,18.7713],[-99.6357,18.7243],[-99.6188,18.7413],[-99.5899,18.7393],[-99.5808,18.7303],[-99.5685,18.7047],[-99.533,18.6945],[-99.5223,18.7074],[-99.4944,18.7205],[-99.4662,18.7538],[-99.451,18.7725],[-99.4267,18.8247],[-99.4323,18.8578],[-99.4294,18.8776],[-99.411,18.8782],[-99.4067,18.8952],[-99.3648,18.899],[-99.342,18.9225],[-99.313,18.9481],[-99.3111,18.9917],[-99.3197,19.0113],[-99.3118,19.0247],[-99.3189,19.0311],[-99.3183,19.0874],[-99.2953,19.1227],[-99.2787,19.1317],[-99.2876,19.1466],[-99.3068,19.2111],[-99.3134,19.219],[-99.3156,19.2274],[-99.3223,19.2326],[-99.3243,19.2326],[-99.3423,19.2411],[-99.3392,19.2677],[-99.3649,19.2778],[-99.3564,19.3033],[-99.3338,19.3306],[-99.3264,19.3537],[-99.3078,19.3716],[-99.2956,19.3691],[-99.2558,19.4036],[-99.2396,19.4122],[-99.2232,19.4293],[-99.2068,19.4712],[-99.2211,19.4751],[-99.2138,19.4973],[-99.2047,19.5151],[-99.1572,19.5028],[-99.163,19.518],[-99.1609,19.5493],[-99.1435,19.5723],[-99.1237,19.5928],[-99.1179,19.5906],[-99.1129,19.5733],[-99.1081,19.5649],[-99.1306,19.5361],[-99.1144,19.5111],[-99.0904,19.5095],[-99.0639,19.4988],[-99.068,19.4891],[-99.0509,19.4502],[-99.0558,19.4221],[-99.0581,19.4007],[-98.9919,19.3676],[-98.9946,19.3581],[-98.9743,19.337],[-98.9604,19.3254],[-98.9672,19.306],[-98.9765,19.2531],[-98.9686,19.2322],[-98.9458,19.225],[-98.9685,19.2106],[-98.9677,19.1897],[-98.9549,19.1741],[-98.9674,19.1644],[-98.9575,19.1224],[-98.9657,19.0859],[-98.979,19.0745],[-98.9578,19.0603],[-98.9443,19.0697],[-98.9171,19.0594],[-98.9034,19.0385],[-98.871,19.0254],[-98.8684,18.9999],[-98.8573,18.9746],[-98.8407,18.9557],[-98.8359,18.9502],[-98.8242,18.9549],[-98.7995,18.9403],[-98.7921,18.9353],[-98.7263,18.9447],[-98.7148,18.9426],[-98.6909,18.9676],[-98.6663,19.0013],[-98.6329,19.0155],[-98.6275,19.0224],[-98.6199,19.0351],[-98.6302,19.0678],[-98.6393,19.0774],[-98.627,19.1248],[-98.6407,19.1255],[-98.6362,19.1536],[-98.6392,19.1636],[-98.6403,19.1672],[-98.647,19.1848],[-98.6436,19.2387],[-98.6275,19.2578],[-98.6319,19.2639],[-98.6635,19.3248],[-98.6605,19.3513],[-98.6445,19.352],[-98.6581,19.3827],[-98.6571,19.3971],[-98.6563,19.4221],[-98.6348,19.4312],[-98.6614,19.4581],[-98.6532,19.466],[-98.6604,19.4855],[-98.6757,19.4995],[-98.6819,19.518],[-98.7,19.5313],[-98.706,19.5593],[-98.6815,19.5879],[-98.6814,19.5983],[-98.6656,19.6062],[-98.6726,19.6314],[-98.6647,19.6604],[-98.6442,19.6488],[-98.624,19.6969],[-98.6323,19.7213],[-98.6081,19.7251],[-98.5969,19.7658],[-98.6398,19.8109],[-98.6607,19.8349],[-98.6976,19.8321],[-98.6872,19.8505],[-98.7128,19.8538],[-98.7293,19.865],[-98.7547,19.8768],[-98.7806,19.8835],[-98.8148,19.8678],[-98.844,19.882],[-98.8558,19.9043],[-98.8706,19.895],[-98.8832,19.9015],[-98.9139,19.8769],[-98.9079,19.8499],[-98.9276,19.8434],[-98.9455,19.8038],[-98.9702,19.8087],[-99.0001,19.8333],[-99.0206,19.8677],[-98.9892,19.8814],[-98.966,19.8917],[-98.9527,19.9067],[-98.9561,19.9282],[-98.9998,19.9418],[-98.9652,19.9739],[-98.9447,19.9751],[-98.9421,20.0006],[-98.9467,20.0275],[-98.9611,20.0409]]]},"properties":{"cve":"15","municipio":"","estado":"México","robos":1592,"con_violencia":1212,"indice":2198.0,"nivel":4,"periodo":"ene-ago 2026","escala":"estatal"}},{"type":"Feature","geometry":{"type":"Polygon","coordinates":[[[-101.0118,20.0815],[-101.043,20.0914],[-101.0802,20.0828],[-101.1197,20.0735],[-101.132,20.0607],[-101.1537,20.0838],[-101.1652,20.0872],[-101.1767,20.0645],[-101.1963,20.0572],[-101.1604,20.0402],[-101.1832,20.0267],[-101.2015,20.0257],[-101.2031,20.0072],[-101.2207,20.0114],[-101.2383,20.0321],[-101.253,20.0355],[-101.281,20.0275],[-101.2917,20.0361],[-101.3283,20.032],[-101.3749,20.0404],[-101.3881,20.0304],[-101.4025,20.0448],[-101.3943,20.0529],[-101.4047,20.0802],[-101.4087,20.1231],[-101.391,20.1271],[-101.4225,20.1632],[-101.4199,20.2016],[-101.4056,20.2033],[-101.3632,20.1958],[-101.3529,20.234],[-101.3614,20.249],[-101.3953,20.2485],[-101.4197,20.2744],[-101.4369,20.2638],[-101.4583,20.2696],[-101.4601,20.3235],[-101.4811,20.3297],[-101.4932,20.314],[-101.5378,20.3244],[-101.5636,20.3205],[-101.5778,20.3264],[-101.5993,20.3071],[-101.6199,20.3155],[-101.6271,20.3034],[-101.6344,20.2903],[-101.6255,20.267],[-101.6438,20.2657],[-101.6474,20.2384],[-101.6633,20.2376],[-101.6693,20.2194],[-101.6855,20.2185],[-101.6938,20.192],[-101.7106,20.2053],[-101.7327,20.2107],[-101.7604,20.2019],[-101.7866,20.2193],[-101.7965,20.2128],[-101.8091,20.2044],[-101.8348,20.2247],[-101.8813,20.1991],[-101.8978,20.2041],[-101.9149,20.1944],[-101.907,20.2133],[-101.9399,20.2271],[-101.9344,20.2493],[-101.9449,20.2551],[-101.9415,20.2795],[-101.9505,20.2989],[-101.9464,20.3432],[-101.9678,20.3593],[-101.9964,20.3596],[-102.0138,20.3479],[-102.022,20.3812],[-102.065,20.3749],[-102.0963,20.3841],[-102.1343,20.3759],[-102.1625,20.3796],[-102.1801,20.3553],[-102.2194,20.3511],[-102.2215,20.3446],[-102.2678,20.3357],[-102.2979,20.3539],[-102.3269,20.3495],[-102.3472,20.3347],[-102.3688,20.3281],[-102.4003,20.3279],[-102.4324,20.341],[-102.4478,20.3383],[-102.4861,20.3201],[-102.4906,20.3086],[-102.5308,20.2951],[-102.5224,20.2757],[-102.5467,20.2786],[-102.5902,20.2585],[-102.6109,20.2687],[-102.6273,20.2294],[-102.6387,20.2241],[-102.6609,20.2315],[-102.679,20.2269],[-102.6846,20.2122],[-102.6829,20.2067],[-102.6797,20.1715],[-102.6897,20.166],[-102.7306,20.1664],[-102.7847,20.1376],[-102.8163,20.106],[-102.8454,20.1233],[-102.866,20.1624],[-102.8755,20.1576],[-102.9541,20.1709],[-102.9432,20.1498],[-102.9441,20.1308],[-102.996,20.1256],[-103.0048,20.1382],[-103.0314,20.1366],[-103.0329,20.1108],[-103.0412,20.0899],[-103.031,20.0659],[-103.0216,20.0533],[-103.0248,20.0348],[-103.0456,20.0111],[-103.0503,19.9966],[-103.0362,19.9694],[-103.0155,19.9598],[-102.9938,19.9839],[-102.9585,19.9954],[-102.9436,19.9841],[-102.9263,19.9842],[-102.9089,19.9707],[-102.882,19.9758],[-102.784,19.9512],[-102.7706,19.9299],[-102.7313,19.8989],[-102.7425,19.8788],[-102.7303,19.8545],[-102.7591,19.808],[-102.7943,19.8127],[-102.8183,19.7799],[-102.7942,19.7254],[-102.7805,19.7018],[-102.7967,19.6824],[-102.7927,19.6626],[-102.7772,19.629],[-102.7603,19.6272],[-102.7476,19.6128],[-102.7207,19.6107],[-102.716,19.6003],[-102.7253,19.5839],[-102.7135,19.5633],[-102.7106,19.5413],[-102.7389,19.4987],[-102.7241,19.493],[-102.6895,19.5134],[-102.673,19.512],[-102.6708,19.4906],[-102.6575,19.4872],[-102.6205,19.4988],[-102.5823,19.5283],[-102.5719,19.5112],[-102.5759,19.4981],[-102.5491,19.4924],[-102.5427,19.478],[-102.5647,19.4623],[-102.5446,19.4333],[-102.5651,19.4352],[-102.5688,19.4126],[-102.6011,19.3645],[-102.6112,19.3228],[-102.6255,19.315],[-102.6382,19.2951],[-102.6382,19.2627],[-102.6518,19.2355],[-102.6766,19.218],[-102.7538,19.2558],[-102.7732,19.2454],[-102.7902,19.2425],[-102.7924,19.2278],[-102.8314,19.2146],[-102.8489,19.1997],[-102.8842,19.2057],[-102.9147,19.1796],[-102.9601,19.1741],[-102.9794,19.1524],[-102.9767,19.1264],[-103.0045,19.1376],[-103.0192,19.1325],[-103.0119,19.1075],[-103.016,19.0792],[-102.9919,19.0529],[-103.0252,19.0531],[-103.0304,19.0361],[-103.045,19.032],[-103.0667,19.0223],[-103.0621,19.0022],[-103.0881,18.9841],[-103.1082,18.9517],[-103.1345,18.9311],[-103.151,18.9261],[-103.1734,18.9363],[-103.2049,18.9685],[-103.2032,18.9785],[-103.2247,19.0193],[-103.2484,19.0145],[-103.2874,18.9924],[-103.3325,18.9733],[-103.3583,18.98],[-103.3842,18.9778],[-103.3957,18.9673],[-103.4195,18.9813],[-103.4413,18.9835],[-103.4605,18.977],[-103.4778,18.9841],[-103.4886,18.9649],[-103.5225,18.9279],[-103.5284,18.9123],[-103.5574,18.9068],[-103.5689,18.8925],[-103.5725,18.8722],[-103.5812,18.8759],[-103.6203,18.893],[-103.6406,18.8672],[-103.6177,18.8393],[-103.6246,18.8261],[-103.62,18.8014],[-103.6375,18.7835],[-103.6807,18.7721],[-103.6976,18.7559],[-103.7189,18.7104],[-103.7379,18.684],[-103.7227,18.6757],[-103.6911,18.6389],[-103.6856,18.6245],[-103.7087,18.5933],[-103.6884,18.5899],[-103.6231,18.5446],[-103.5941,18.5177],[-103.5755,18.4938],[-103.5611,18.4554],[-103.5406,18.4298],[-103.5291,18.4035],[-103.5297,18.3829],[-103.5134,18.3524],[-103.4918,18.3292],[-103.3779,18.2815],[-103.3607,18.2645],[-103.3396,18.2708],[-103.3116,18.2621],[-103.2927,18.2489],[-103.25,18.2348],[-103.2123,18.232],[-103.1429,18.2009],[-103.1153,18.1934],[-103.0636,18.1941],[-103.0345,18.1885],[-102.9909,18.173],[-102.7901,18.0831],[-102.7599,18.0734],[-102.7252,18.0703],[-102.6945,18.0551],[-102.6699,18.0585],[-102.6536,18.0503],[-102.6115,18.0485],[-102.5586,18.0327],[-102.4589,18.0113],[-102.3813,17.9878],[-102.3092,17.9695],[-102.2675,17.9533],[-102.1916,17.9155],[-102.1639,17.9225],[-102.1368,17.94],[-102.1376,17.9697],[-102.1733,17.9896],[-102.1843,18.0276],[-102.1784,18.0379],[-102.1841,18.0616],[-102.1745,18.1144],[-102.1609,18.1654],[-102.1445,18.1849],[-102.1311,18.1889],[-102.0884,18.1954],[-102.0562,18.1955],[-102.0387,18.2082],[-102.0191,18.2021],[-101.9781,18.2073],[-101.9716,18.2331],[-101.952,18.2279],[-101.9274,18.2318],[-101.9046,18.2479],[-101.8968,18.2771],[-101.8648,18.2857],[-101.8702,18.3083],[-101.8565,18.3162],[-101.8706,18.3328],[-101.8619,18.3572],[-101.8747,18.3701],[-101.8739,18.3854],[-101.8889,18.3991],[-101.8738,18.4375],[-101.8617,18.4449],[-101.8865,18.4772],[-101.889,18.499],[-101.8795,18.5393],[-101.8559,18.5595],[-101.8438,18.5744],[-101.7718,18.6037],[-101.7248,18.6125],[-101.7057,18.5908],[-101.6901,18.5894],[-101.639,18.6025],[-101.6245,18.5992],[-101.6075,18.5779],[-101.5836,18.521],[-101.547,18.5074],[-101.5353,18.497],[-101.5013,18.487],[-101.4812,18.4905],[-101.4587,18.4971],[-101.4464,18.4893],[-101.4322,18.5017],[-101.414,18.5005],[-101.3762,18.509],[-101.3352,18.5282],[-101.2961,18.5343],[-101.2821,18.5447],[-101.2392,18.5343],[-101.2128,18.5365],[-101.187,18.5177],[-101.1687,18.5211],[-101.142,18.5106],[-101.0887,18.5059],[-101.0769,18.5141],[-101.0333,18.5268],[-101.0094,18.5248],[-101.006,18.4937],[-100.9752,18.4834],[-100.9514,18.4465],[-100.9419,18.455],[-100.9207,18.4457],[-100.9106,18.4723],[-100.8953,18.4628],[-100.8798,18.4884],[-100.8366,18.4729],[-100.8245,18.4742],[-100.799,18.4806],[-100.7903,18.4726],[-100.7759,18.4382],[-100.7498,18.4256],[-100.7374,18.4273],[-100.7277,18.4062],[-100.6983,18.4189],[-100.6881,18.4098],[-100.6837,18.3869],[-100.677,18.3732],[-100.643,18.3462],[-100.6397,18.3639],[-100.6087,18.3792],[-100.5903,18.4147],[-100.6353,18.443],[-100.6495,18.4621],[-100.7095,18.496],[-100.732,18.521],[-100.7442,18.5181],[-100.7649,18.5612],[-100.7642,18.5817],[-100.7516,18.6335],[-100.7655,18.6642],[-100.7637,18.6829],[-100.7852,18.6946],[-100.7729,18.7326],[-100.7969,18.7463],[-100.7924,18.7622],[-100.7978,18.7868],[-100.7825,18.8017],[-100.7905,18.8254],[-100.7918,18.8342],[-100.7667,18.8654],[-100.724,18.8492],[-100.7032,18.8246],[-100.6929,18.8007],[-100.6508,18.8406],[-100.6375,18.8676],[-100.6131,18.8871],[-100.6005,18.8929],[-100.5899,18.9153],[-100.5742,18.9145],[-100.5495,18.9469],[-100.5448,18.9659],[-100.5239,18.9985],[-100.5276,19.0103],[-100.516,19.0091],[-100.479,19.032],[-100.459,19.033],[-100.4471,19.052],[-100.4141,19.0648],[-100.4088,19.0752],[-100.3895,19.1429],[-100.3616,19.1547],[-100.3782,19.1711],[-100.3725,19.1937],[-100.3377,19.227],[-100.3197,19.2618],[-100.318,19.3181],[-100.3068,19.3269],[-100.3017,19.3429],[-100.3124,19.3624],[-100.2944,19.3809],[-100.2931,19.3951],[-100.2638,19.4032],[-100.2374,19.4035],[-100.2159,19.4134],[-100.1897,19.4405],[-100.2075,19.4611],[-100.201,19.4928],[-100.1777,19.4926],[-100.2019,19.4995],[-100.1964,19.5317],[-100.2276,19.5579],[-100.2375,19.5572],[-100.2469,19.5977],[-100.2475,19.6345],[-100.2651,19.662],[-100.2675,19.6772],[-100.2585,19.7002],[-100.1922,19.7016],[-100.1669,19.7103],[-100.1499,19.7277],[-100.1453,19.7572],[-100.1463,19.8147],[-100.1342,19.8455],[-100.1254,19.8567],[-100.0911,19.86],[-100.1192,19.9121],[-100.1301,19.9162],[-100.1314,19.982],[-100.116,20.0061],[-100.1577,20.0179],[-100.1525,20.0528],[-100.1379,20.0443],[-100.1471,20.0577],[-100.1762,20.072],[-100.2016,20.0759],[-100.1976,20.1299],[-100.2356,20.1435],[-100.1919,20.176],[-100.1816,20.2031],[-100.1965,20.2223],[-100.2451,20.2504],[-100.2602,20.2673],[-100.3075,20.2855],[-100.3458,20.298],[-100.3507,20.2884],[-100.3441,20.2729],[-100.3236,20.2519],[-100.3552,20.219],[-100.3528,20.2014],[-100.3599,20.1643],[-100.3809,20.1301],[-100.3898,20.0808],[-100.3583,20.0649],[-100.3544,20.0278],[-100.3704,20.0213],[-100.3629,19.9899],[-100.4485,19.9828],[-100.4616,19.9802],[-100.5104,19.9555],[-100.5268,19.9658],[-100.5524,19.9576],[-100.5694,19.9655],[-100.5579,19.9917],[-100.5956,19.9917],[-100.6019,19.9859],[-100.6197,19.9572],[-100.6538,19.9597],[-100.7188,19.9405],[-100.7471,19.9131],[-100.7788,19.9151],[-100.7921,19.9556],[-100.8243,19.9783],[-100.8358,19.9346],[-100.8537,19.9345],[-100.8603,19.9489],[-100.8826,19.9439],[-100.9016,19.9595],[-100.9307,19.956],[-100.9475,19.9625],[-100.9479,19.9336],[-100.9587,19.9308],[-100.9718,19.93],[-100.9838,19.9567],[-101.0031,19.9532],[-101.0025,19.965],[-100.9767,19.9827],[-100.9703,20.0052],[-100.9897,20.0273],[-101.014,20.0457],[-100.9928,20.0649],[-101.0118,20.0815]]]},"properties":{"cve":"16","municipio":"","estado":"Michoacán de Ocampo","robos":272,"con_violencia":208,"indice":376.0,"nivel":3,"periodo":"ene-ago 2026","escala":"estatal"}},{"type":"Feature","geometry":{"type":"Polygon","coordinates":[[[-99.4267,18.8247],[-99.451,18.7725],[-99.4662,18.7538],[-99.4944,18.7205],[-99.4807,18.6846],[-99.4644,18.6437],[-99.4526,18.6118],[-99.4294,18.5889],[-99.4229,18.5621],[-99.4078,18.5561],[-99.3903,18.5257],[-99.3792,18.5205],[-99.363,18.499],[-99.3551,18.4767],[-99.3283,18.4888],[-99.3284,18.4595],[-99.2687,18.4533],[-99.2044,18.4553],[-99.1813,18.4484],[-99.1603,18.4643],[-99.1355,18.4608],[-99.1279,18.4267],[-99.0895,18.4],[-99.0661,18.3671],[-99.0756,18.3446],[-99.066,18.3326],[-99.0314,18.3649],[-99.0159,18.3863],[-98.9875,18.3996],[-98.974,18.4171],[-98.9392,18.422],[-98.9193,18.432],[-98.9152,18.4573],[-98.8651,18.4798],[-98.8494,18.4798],[-98.8379,18.4937],[-98.8403,18.5128],[-98.8261,18.5229],[-98.8105,18.5192],[-98.7985,18.4977],[-98.7796,18.4804],[-98.763,18.4763],[-98.7549,18.4571],[-98.7379,18.4534],[-98.727,18.4395],[-98.7067,18.4451],[-98.7104,18.4681],[-98.699,18.495],[-98.7127,18.518],[-98.7031,18.5398],[-98.7167,18.5659],[-98.7125,18.5854],[-98.7193,18.605],[-98.7167,18.6253],[-98.7275,18.6696],[-98.7418,18.7029],[-98.724,18.7191],[-98.7186,18.7366],[-98.7534,18.7429],[-98.7474,18.7584],[-98.7397,18.7669],[-98.7279,18.8055],[-98.7082,18.8213],[-98.695,18.8452],[-98.6887,18.8581],[-98.6721,18.88],[-98.6633,18.8983],[-98.6729,18.9094],[-98.7029,18.8897],[-98.7135,18.8672],[-98.7073,18.9029],[-98.6781,18.9237],[-98.6736,18.9517],[-98.6633,18.9625],[-98.6503,18.9981],[-98.6329,19.0155],[-98.6663,19.0013],[-98.6909,18.9676],[-98.7148,18.9426],[-98.7263,18.9447],[-98.7921,18.9353],[-98.7995,18.9403],[-98.8242,18.9549],[-98.8359,18.9502],[-98.8407,18.9557],[-98.8573,18.9746],[-98.8684,18.9999],[-98.871,19.0254],[-98.9034,19.0385],[-98.9171,19.0594],[-98.9443,19.0697],[-98.9578,19.0603],[-98.979,19.0745],[-99.029,19.0854],[-99.0432,19.0758],[-99.0621,19.0487],[-99.1254,19.0621],[-99.1354,19.0893],[-99.1365,19.0894],[-99.2268,19.0961],[-99.2787,19.1317],[-99.2953,19.1227],[-99.3183,19.0874],[-99.3189,19.0311],[-99.3118,19.0247],[-99.3197,19.0113],[-99.3111,18.9917],[-99.313,18.9481],[-99.342,18.9225],[-99.3648,18.899],[-99.4067,18.8952],[-99.411,18.8782],[-99.4294,18.8776],[-99.4323,18.8578],[-99.4267,18.8247]]]},"properties":{"cve":"17","municipio":"","estado":"Morelos","robos":21,"con_violencia":16,"indice":29.0,"nivel":2,"periodo":"ene-ago 2026","escala":"estatal"}},{"type":"Feature","geometry":{"type":"Polygon","coordinates":[[[-99.167,26.0755],[-99.1978,26.2585],[-99.26,26.2528],[-99.3337,26.3064],[-99.3642,26.3293],[-99.4012,26.3048],[-99.4097,26.317],[-99.4309,26.3513],[-99.4157,26.4382],[-99.4098,26.4428],[-99.4004,26.5501],[-99.3968,26.5966],[-99.5383,26.6646],[-99.6592,26.6704],[-99.663,26.6842],[-99.6511,26.7014],[-99.6181,26.7283],[-99.6161,26.7544],[-99.6226,26.7669],[-99.6035,26.8081],[-99.5809,26.8293],[-99.5899,26.8612],[-99.6252,26.8828],[-99.6454,26.886],[-99.6628,26.9008],[-99.6789,26.8958],[-99.6916,26.9086],[-99.7396,26.9075],[-99.7667,26.8898],[-99.7701,26.9284],[-99.7342,26.9206],[-99.6501,27.0659],[-99.6589,27.0882],[-99.6789,27.1024],[-99.7477,27.2772],[-99.7488,27.289],[-99.7586,27.3896],[-99.7604,27.437],[-99.9192,27.4915],[-99.9264,27.5492],[-99.7281,27.6791],[-99.775,27.7336],[-99.8018,27.7424],[-99.8117,27.7722],[-99.8328,27.7627],[-99.8432,27.7699],[-99.9327,27.6744],[-99.9988,27.6153],[-100.1884,27.7991],[-100.2862,27.7309],[-100.3506,27.6846],[-100.4177,27.3936],[-100.4219,27.3927],[-100.4227,27.3925],[-100.678,27.3348],[-100.8341,27.1952],[-100.8306,27.0739],[-100.8149,27.0711],[-100.7994,27.0458],[-100.7842,27.0589],[-100.7468,27.0643],[-100.7486,27.0813],[-100.7247,27.0779],[-100.6946,27.1098],[-100.6768,27.1069],[-100.6748,27.0865],[-100.6537,27.0757],[-100.5398,27.0474],[-100.5397,26.9867],[-100.545,26.9798],[-100.5382,26.9397],[-100.5449,26.9253],[-100.5384,26.9061],[-100.5407,26.881],[-100.5514,26.8587],[-100.5418,26.806],[-100.5901,26.7595],[-100.608,26.7109],[-100.6144,26.6856],[-100.6912,26.6138],[-100.6961,26.6234],[-100.753,26.7352],[-100.9051,26.6086],[-100.9838,26.5456],[-101.0789,26.4693],[-101.2068,26.3698],[-101.1854,26.3454],[-101.1045,26.2616],[-101.0917,26.2445],[-101.0746,26.199],[-101.0474,26.1698],[-100.9827,26.1395],[-100.9429,26.0868],[-100.9164,26.0756],[-100.9046,26.0087],[-100.9055,25.9569],[-100.8769,25.9472],[-100.8344,25.945],[-100.8227,25.9169],[-100.8371,25.8638],[-100.8471,25.8579],[-100.8619,25.8185],[-100.8251,25.7517],[-100.8056,25.7243],[-100.8037,25.7088],[-100.7878,25.6836],[-100.7812,25.6386],[-100.7298,25.6339],[-100.7199,25.6031],[-100.6903,25.5671],[-100.6329,25.5713],[-100.5963,25.5445],[-100.5384,25.5319],[-100.5297,25.5144],[-100.5998,25.52],[-100.6086,25.5134],[-100.5795,25.4945],[-100.5849,25.4708],[-100.5309,25.4635],[-100.5227,25.4343],[-100.5017,25.4328],[-100.4693,25.4217],[-100.452,25.4081],[-100.4701,25.3378],[-100.446,25.3319],[-100.3946,25.3279],[-100.3268,25.3404],[-100.2541,25.3069],[-100.2438,25.2697],[-100.2625,25.254],[-100.2344,25.2355],[-100.2296,25.2179],[-100.2614,25.2071],[-100.3053,25.2134],[-100.3256,25.2223],[-100.332,25.1863],[-100.4074,25.209],[-100.4436,25.2231],[-100.4985,25.2375],[-100.5296,25.2401],[-100.592,25.2551],[-100.7089,25.2365],[-100.8031,25.1653],[-100.8045,25.1533],[-100.8215,24.9967],[-100.7539,24.9434],[-100.7275,24.9187],[-100.8261,24.835],[-100.8274,24.8242],[-100.797,24.7508],[-100.8055,24.5963],[-100.7999,24.5562],[-100.7423,24.4604],[-100.7112,24.4915],[-100.6035,24.4013],[-100.5999,24.3488],[-100.6331,24.226],[-100.5851,24.2239],[-100.5935,24.1782],[-100.6134,24.1739],[-100.5496,24.1483],[-100.5168,24.1399],[-100.5196,24.1184],[-100.5387,24.1185],[-100.5238,24.0715],[-100.5413,24.0257],[-100.5624,23.9196],[-100.5468,23.9174],[-100.5398,23.8884],[-100.5503,23.8422],[-100.5255,23.8395],[-100.5286,23.8175],[-100.4976,23.7987],[-100.4977,23.7363],[-100.4457,23.6773],[-100.4774,23.6338],[-100.4916,23.5686],[-100.4695,23.5668],[-100.4591,23.5332],[-100.4644,23.5121],[-100.4942,23.5284],[-100.4976,23.494],[-100.5172,23.421],[-100.4571,23.3664],[-100.4836,23.214],[-100.4798,23.1944],[-100.3318,23.1627],[-100.3235,23.1956],[-100.3638,23.189],[-100.3743,23.2653],[-100.3317,23.2591],[-100.3063,23.2609],[-100.2784,23.3104],[-100.2202,23.2979],[-100.2282,23.2505],[-100.1038,23.2315],[-100.078,23.306],[-100.145,23.3395],[-100.1207,23.3578],[-100.0803,23.3957],[-99.9825,23.3924],[-99.9213,23.3792],[-99.9477,23.4972],[-99.9612,23.5569],[-99.9158,23.6651],[-99.8828,23.7236],[-99.8607,23.7745],[-99.8055,23.7843],[-99.769,23.7845],[-99.6834,23.7766],[-99.6599,23.7707],[-99.6195,23.7597],[-99.5767,23.7755],[-99.4938,23.8787],[-99.4674,23.8695],[-99.4569,23.8661],[-99.4869,23.9605],[-99.52,23.9906],[-99.5409,23.9973],[-99.5419,24.0336],[-99.5709,24.0394],[-99.6571,24.118],[-99.6493,24.207],[-99.6202,24.2784],[-99.5943,24.3309],[-99.5893,24.3508],[-99.5899,24.3961],[-99.6173,24.464],[-99.6364,24.5067],[-99.7198,24.4837],[-99.733,24.554],[-99.7047,24.5759],[-99.6094,24.6225],[-99.579,24.6223],[-99.5494,24.6117],[-99.5443,24.6269],[-99.5128,24.6345],[-99.496,24.6509],[-99.5,24.6811],[-99.4823,24.708],[-99.4505,24.731],[-99.4049,24.7351],[-99.3891,24.7399],[-99.3642,24.7718],[-99.3372,24.7742],[-99.2949,24.8041],[-99.2129,24.7717],[-99.1887,24.7807],[-99.2074,24.8614],[-99.2049,24.8642],[-99.1589,24.916],[-99.1799,25.0054],[-99.1649,25.0295],[-99.1669,25.0466],[-99.1573,25.0565],[-99.1379,25.0507],[-99.0974,25.0632],[-99.0789,25.0789],[-99.0669,25.1168],[-99.036,25.1203],[-99.0222,25.0736],[-98.9688,25.0705],[-98.9342,25.0728],[-98.8638,25.1271],[-98.6939,25.2512],[-98.4984,25.3937],[-98.4231,25.4475],[-98.4216,25.4894],[-98.4333,25.4894],[-98.5818,25.4894],[-98.5804,25.6373],[-98.5814,25.706],[-98.5851,26.0179],[-98.7364,26.0368],[-98.8232,26.0476],[-98.8459,26.0245],[-98.9008,25.9683],[-99.0239,26.1041],[-99.0621,26.091],[-99.0625,26.0801],[-99.0901,26.0698],[-99.1103,26.0783],[-99.129,26.0534],[-99.1605,26.0616],[-99.167,26.0755]]]},"properties":{"cve":"19","municipio":"","estado":"Nuevo León","robos":48,"con_violencia":17,"indice":56.5,"nivel":2,"periodo":"ene-ago 2026","escala":"estatal"}},{"type":"Feature","geometry":{"type":"Polygon","coordinates":[[[-97.2106,15.9227],[-97.166,15.9074],[-97.1247,15.8866],[-97.1036,15.869],[-97.0754,15.8559],[-97.0623,15.8602],[-97.0491,15.8283],[-97.0169,15.8062],[-96.9488,15.7884],[-96.9095,15.7707],[-96.8528,15.7372],[-96.7981,15.7319],[-96.7017,15.7169],[-96.6584,15.7015],[-96.6103,15.6779],[-96.5717,15.6663],[-96.525,15.6621],[-96.4946,15.6587],[-96.4776,15.6735],[-96.4403,15.6917],[-96.4199,15.6953],[-96.3631,15.6838],[-96.3331,15.6877],[-96.2852,15.6835],[-96.2415,15.6846],[-96.201,15.7123],[-96.1928,15.7046],[-96.1665,15.7226],[-96.1273,15.7378],[-96.1307,15.7537],[-96.1174,15.7625],[-96.1007,15.758],[-96.0719,15.7782],[-96.0451,15.7887],[-96.0034,15.8081],[-95.9824,15.8119],[-95.9604,15.8272],[-95.8847,15.8445],[-95.8795,15.8511],[-95.8028,15.8699],[-95.7766,15.8713],[-95.77,15.8946],[-95.7121,15.9078],[-95.6611,15.913],[-95.6453,15.9234],[-95.6203,15.928],[-95.6036,15.943],[-95.5844,15.9445],[-95.5727,15.9563],[-95.5137,15.9638],[-95.4897,15.9749],[-95.4361,15.9762],[-95.4259,15.9977],[-95.3693,16.0196],[-95.3783,16.0449],[-95.3547,16.0785],[-95.34,16.0873],[-95.3055,16.0944],[-95.2803,16.1156],[-95.266,16.1303],[-95.2475,16.1333],[-95.2352,16.1561],[-95.2134,16.1562],[-95.202,16.1672],[-95.1518,16.1679],[-95.1387,16.1887],[-95.0701,16.1834],[-95.0434,16.186],[-94.9236,16.2076],[-94.8651,16.214],[-94.8318,16.2145],[-94.7566,16.2101],[-94.7394,16.2081],[-94.6998,16.2099],[-94.5408,16.192],[-94.4274,16.1698],[-94.34,16.1452],[-94.2733,16.1233],[-94.2024,16.0968],[-94.0912,16.0436],[-94.0002,16.0031],[-94.036,16.0221],[-94.1008,16.139],[-94.1028,16.1425],[-94.1096,16.1791],[-94.0485,16.2162],[-94.0351,16.2483],[-94.0435,16.2557],[-94.033,16.2759],[-94.0507,16.3297],[-94.1025,16.4075],[-94.1391,16.4618],[-94.1335,16.476],[-94.0456,16.695],[-93.9454,16.9438],[-93.8674,17.137],[-94.0875,17.1494],[-94.4834,17.171],[-94.7436,17.1847],[-94.8236,17.1888],[-94.9228,17.1938],[-94.8954,17.2564],[-94.9097,17.268],[-94.9148,17.2926],[-94.8896,17.2998],[-94.8908,17.3111],[-94.9289,17.3247],[-94.9458,17.3141],[-94.9712,17.331],[-95.0766,17.3729],[-95.1221,17.432],[-95.2046,17.5387],[-95.2532,17.6015],[-95.2675,17.6035],[-95.2713,17.6247],[-95.253,17.6334],[-95.2184,17.6393],[-95.2091,17.6525],[-95.1924,17.6549],[-95.1815,17.6858],[-95.2389,17.7393],[-95.2603,17.7301],[-95.265,17.718],[-95.2912,17.7163],[-95.3102,17.7074],[-95.3336,17.6756],[-95.3512,17.6782],[-95.3876,17.6633],[-95.438,17.6317],[-95.4769,17.5884],[-95.4832,17.6012],[-95.514,17.5855],[-95.5301,17.571],[-95.5254,17.5613],[-95.5726,17.5486],[-95.5996,17.5362],[-95.6377,17.5488],[-95.6488,17.5396],[-95.7088,17.5319],[-95.7212,17.5369],[-95.7296,17.5715],[-95.7501,17.5863],[-95.7697,17.5881],[-95.7734,17.6238],[-95.7856,17.6334],[-95.8033,17.6294],[-95.808,17.6468],[-95.8312,17.653],[-95.8438,17.6727],[-95.8675,17.6848],[-95.871,17.7022],[-95.8953,17.7045],[-95.9011,17.7287],[-95.8911,17.7668],[-95.8672,17.7732],[-95.8668,17.7996],[-95.8549,17.8071],[-95.8492,17.8276],[-95.8589,17.8445],[-95.8485,17.8481],[-95.8,17.9498],[-95.8242,18.081],[-95.8332,18.129],[-95.8515,18.1308],[-95.9027,18.1357],[-95.9125,18.1506],[-95.934,18.1452],[-95.9525,18.1598],[-95.9793,18.1467],[-95.9906,18.1512],[-96.0277,18.1334],[-96.0411,18.1385],[-96.0664,18.1316],[-96.0839,18.1618],[-96.1143,18.1641],[-96.1241,18.1404],[-96.1497,18.1316],[-96.1797,18.1406],[-96.1864,18.1672],[-96.1714,18.1864],[-96.2031,18.1749],[-96.2175,18.162],[-96.231,18.1897],[-96.2683,18.2255],[-96.2661,18.2385],[-96.2658,18.2431],[-96.2668,18.2457],[-96.2867,18.2641],[-96.2737,18.2757],[-96.2775,18.2937],[-96.2944,18.3124],[-96.3018,18.318],[-96.3135,18.3281],[-96.3196,18.3583],[-96.3473,18.3823],[-96.3522,18.4066],[-96.3838,18.4241],[-96.4002,18.4445],[-96.4203,18.5079],[-96.4551,18.5495],[-96.4572,18.5703],[-96.5088,18.5894],[-96.5612,18.5878],[-96.5842,18.6021],[-96.6282,18.6319],[-96.6833,18.6693],[-96.6841,18.6443],[-96.6722,18.6186],[-96.6938,18.5912],[-96.6909,18.568],[-96.7269,18.5298],[-96.7062,18.5263],[-96.7029,18.5103],[-96.6824,18.4997],[-96.6841,18.4742],[-96.7044,18.4524],[-96.7059,18.4229],[-96.681,18.4122],[-96.6816,18.3756],[-96.6963,18.3649],[-96.7002,18.3829],[-96.7292,18.3749],[-96.7286,18.3957],[-96.7533,18.3929],[-96.786,18.3535],[-96.7842,18.3383],[-96.8214,18.3213],[-96.8181,18.3062],[-96.8553,18.2413],[-96.8663,18.242],[-96.9047,18.2376],[-96.9107,18.2388],[-96.9303,18.2323],[-96.9364,18.2166],[-96.9368,18.216],[-96.9409,18.2196],[-96.9635,18.2291],[-96.9915,18.2307],[-97.009,18.2059],[-97.025,18.1898],[-97.0384,18.1763],[-97.0421,18.1566],[-97.0887,18.1492],[-97.1057,18.1481],[-97.1239,18.1625],[-97.1339,18.1577],[-97.162,18.1865],[-97.1674,18.2009],[-97.1924,18.1924],[-97.1872,18.1752],[-97.2143,18.1637],[-97.225,18.1742],[-97.2746,18.1571],[-97.3085,18.1561],[-97.3324,18.1452],[-97.3528,18.1233],[-97.3689,18.1005],[-97.3827,18.0972],[-97.4023,18.1072],[-97.4144,18.0967],[-97.4256,18.0693],[-97.4414,18.0719],[-97.4532,18.0437],[-97.4669,18.027],[-97.4797,18.0271],[-97.5059,18.0278],[-97.5224,18.0446],[-97.5439,18.0334],[-97.5576,18.0469],[-97.5681,18.0921],[-97.5696,18.1034],[-97.5975,18.1265],[-97.6153,18.1533],[-97.6516,18.1769],[-97.6421,18.1871],[-97.6359,18.1936],[-97.6375,18.232],[-97.644,18.2794],[-97.6634,18.2918],[-97.7109,18.2853],[-97.7213,18.276],[-97.7497,18.2758],[-97.7832,18.2863],[-97.7973,18.2832],[-97.8155,18.262],[-97.8276,18.2366],[-97.823,18.2234],[-97.8441,18.2162],[-97.8499,18.1885],[-97.8395,18.1712],[-97.8536,18.1679],[-97.8639,18.148],[-97.8672,18.1149],[-97.8606,18.1027],[-97.8495,18.0837],[-97.8184,18.073],[-97.8137,18.0629],[-97.8348,18.0498],[-97.8369,18.0326],[-97.8427,18.0189],[-97.8426,17.9961],[-97.8263,17.9727],[-97.8214,17.9882],[-97.7909,18.0042],[-97.7985,18.0358],[-97.7717,18.0684],[-97.7425,18.0555],[-97.7299,18.0373],[-97.6988,18.0217],[-97.6997,18.0016],[-97.7285,18.0122],[-97.7664,18.0059],[-97.7679,17.9767],[-97.8043,17.9578],[-97.813,17.9451],[-97.8193,17.9147],[-97.8324,17.9085],[-97.8791,17.9179],[-97.9031,17.9092],[-97.9363,17.9253],[-97.9487,17.9484],[-97.935,17.961],[-97.9676,17.9707],[-97.9945,17.9747],[-98.0298,17.9918],[-98.0516,17.9822],[-98.1073,17.9828],[-98.1299,17.978],[-98.1532,17.9679],[-98.1697,17.9526],[-98.166,17.9193],[-98.1769,17.8974],[-98.2071,17.887],[-98.2097,17.8798],[-98.2465,17.8784],[-98.2701,17.9153],[-98.2627,17.927],[-98.2823,17.9347],[-98.2979,17.9111],[-98.3024,17.8927],[-98.3318,17.88],[-98.3436,17.8902],[-98.362,17.882],[-98.3826,17.8837],[-98.3988,17.8609],[-98.4249,17.866],[-98.425,17.8396],[-98.471,17.7888],[-98.4939,17.773],[-98.4966,17.7616],[-98.4867,17.7337],[-98.4897,17.7034],[-98.4862,17.681],[-98.4707,17.6781],[-98.461,17.6304],[-98.4331,17.623],[-98.4124,17.601],[-98.377,17.6053],[-98.3647,17.5826],[-98.3453,17.5626],[-98.3412,17.5419],[-98.3296,17.5333],[-98.3316,17.5195],[-98.3203,17.5069],[-98.3119,17.4775],[-98.3324,17.472],[-98.3359,17.4563],[-98.3049,17.3943],[-98.2874,17.329],[-98.3048,17.3275],[-98.3178,17.3024],[-98.3227,17.2748],[-98.3021,17.2463],[-98.2424,17.2506],[-98.2226,17.2386],[-98.2031,17.2163],[-98.2049,17.1913],[-98.2177,17.1869],[-98.2235,17.1483],[-98.2204,17.1266],[-98.1835,17.1177],[-98.1534,17.1104],[-98.15,17.1024],[-98.118,17.0955],[-98.0988,17.0839],[-98.0809,17.0666],[-98.0726,17.0644],[-98.0457,17.0573],[-98.0073,17.0401],[-98.0252,17.0192],[-98.0302,17.0158],[-98.0575,17.0238],[-98.0752,17.0072],[-98.0971,16.9689],[-98.1065,16.9567],[-98.0897,16.9183],[-98.0807,16.885],[-98.0726,16.8754],[-98.0811,16.8334],[-98.1001,16.7986],[-98.1082,16.761],[-98.1354,16.7574],[-98.1257,16.7391],[-98.139,16.7238],[-98.1659,16.7217],[-98.2005,16.7119],[-98.238,16.7074],[-98.2459,16.6707],[-98.2331,16.6706],[-98.2285,16.6395],[-98.2142,16.6188],[-98.1938,16.6215],[-98.2055,16.5859],[-98.2293,16.5809],[-98.2499,16.5635],[-98.2928,16.5578],[-98.3166,16.5699],[-98.3403,16.5582],[-98.3951,16.5468],[-98.3835,16.5131],[-98.3538,16.4913],[-98.3568,16.4774],[-98.3501,16.4443],[-98.3659,16.4237],[-98.3995,16.3805],[-98.4542,16.3858],[-98.5091,16.3631],[-98.5391,16.3441],[-98.5526,16.316],[-98.4593,16.2817],[-98.4317,16.2736],[-98.4065,16.2668],[-98.3283,16.2578],[-98.2256,16.2367],[-98.1927,16.2219],[-98.1837,16.2119],[-98.1363,16.1927],[-98.0858,16.1684],[-97.9897,16.1152],[-97.9619,16.1006],[-97.9068,16.0625],[-97.858,16.0275],[-97.8106,16.0011],[-97.7905,15.9857],[-97.767,15.9763],[-97.6767,15.9634],[-97.6584,15.9777],[-97.6257,15.9763],[-97.5649,15.9629],[-97.5212,15.9675],[-97.4793,15.9538],[-97.4205,15.9415],[-97.3664,15.9373],[-97.3442,15.9462],[-97.272,15.9378],[-97.2106,15.9227]]]},"properties":{"cve":"20","municipio":"","estado":"Oaxaca","robos":56,"con_violencia":50,"indice":81.0,"nivel":2,"periodo":"ene-ago 2026","escala":"estatal"}},{"type":"Feature","geometry":{"type":"Polygon","coordinates":[[[-97.7338,20.4521],[-97.7088,20.4548],[-97.6991,20.4346],[-97.6726,20.4181],[-97.6466,20.4087],[-97.6376,20.4179],[-97.6407,20.4423],[-97.5861,20.4729],[-97.576,20.4909],[-97.5418,20.4885],[-97.59,20.5561],[-97.6101,20.5639],[-97.6755,20.555],[-97.6856,20.5729],[-97.7012,20.5742],[-97.697,20.5968],[-97.7105,20.6087],[-97.7048,20.6296],[-97.726,20.6367],[-97.7406,20.6601],[-97.7395,20.6872],[-97.7515,20.7016],[-97.749,20.733],[-97.727,20.7432],[-97.7199,20.7768],[-97.7503,20.8148],[-97.7709,20.8261],[-97.7904,20.8168],[-97.8074,20.8215],[-97.8303,20.808],[-97.8499,20.8191],[-97.8558,20.8332],[-97.8791,20.8343],[-97.8948,20.7978],[-97.9224,20.7165],[-97.8974,20.7032],[-97.9144,20.6872],[-97.9133,20.672],[-97.9068,20.6436],[-97.8952,20.6225],[-97.9095,20.5878],[-97.9273,20.5719],[-97.9808,20.5407],[-97.985,20.517],[-97.9888,20.4954],[-98.0086,20.4829],[-98.0128,20.4667],[-98.0256,20.4486],[-98.0632,20.436],[-98.0939,20.3866],[-98.0997,20.3824],[-98.1125,20.3543],[-98.1268,20.3362],[-98.1633,20.3278],[-98.18,20.3359],[-98.1804,20.3034],[-98.1903,20.294],[-98.2155,20.2915],[-98.2365,20.3043],[-98.2574,20.2986],[-98.2672,20.2723],[-98.2844,20.2628],[-98.2765,20.2205],[-98.2597,20.2153],[-98.2361,20.2235],[-98.23,20.2361],[-98.2083,20.2394],[-98.192,20.2581],[-98.1759,20.2542],[-98.147,20.2206],[-98.15,20.2058],[-98.1298,20.1766],[-98.1397,20.1503],[-98.1051,20.1423],[-98.1085,20.1208],[-98.1283,20.1072],[-98.1592,20.0931],[-98.1577,20.0842],[-98.1736,20.0338],[-98.164,20.0225],[-98.1742,19.9974],[-98.167,19.9718],[-98.1807,19.9598],[-98.2191,19.9672],[-98.2302,19.9494],[-98.251,19.9349],[-98.2694,19.8957],[-98.2866,19.8873],[-98.3145,19.8545],[-98.2835,19.847],[-98.2671,19.8433],[-98.265,19.8251],[-98.2352,19.7775],[-98.2098,19.7739],[-98.1958,19.7543],[-98.2382,19.7223],[-98.2553,19.7188],[-98.2524,19.6931],[-98.2408,19.6759],[-98.1905,19.6763],[-98.1597,19.6694],[-98.1437,19.6836],[-98.1104,19.6858],[-98.0988,19.6697],[-98.0828,19.7008],[-98.0688,19.7034],[-98.056,19.7259],[-98.0401,19.6996],[-98.036,19.6651],[-98.0422,19.6402],[-97.9799,19.6282],[-97.9556,19.6031],[-97.9467,19.5856],[-97.9142,19.5921],[-97.9079,19.5794],[-97.8815,19.5717],[-97.8695,19.5423],[-97.8897,19.5046],[-97.8582,19.4931],[-97.8474,19.474],[-97.8623,19.4562],[-97.8147,19.4825],[-97.7945,19.4984],[-97.7969,19.4724],[-97.774,19.4692],[-97.7548,19.4575],[-97.7473,19.4363],[-97.7245,19.4316],[-97.704,19.393],[-97.6791,19.3848],[-97.6642,19.3651],[-97.6314,19.3554],[-97.6387,19.3383],[-97.6257,19.3314],[-97.6461,19.3064],[-97.6909,19.2859],[-97.7196,19.3048],[-97.7293,19.2931],[-97.7451,19.3053],[-97.7714,19.2838],[-97.8005,19.3016],[-97.8209,19.3047],[-97.8384,19.2873],[-97.8597,19.2872],[-97.8703,19.2706],[-97.8651,19.2539],[-97.851,19.2229],[-97.8906,19.202],[-97.8898,19.187],[-97.9151,19.1733],[-97.9282,19.1642],[-97.979,19.1926],[-97.992,19.1958],[-98.0317,19.2309],[-98.0415,19.2102],[-98.0593,19.2012],[-98.0696,19.1852],[-98.1003,19.1634],[-98.1194,19.1353],[-98.1662,19.1051],[-98.1971,19.1275],[-98.1882,19.1355],[-98.2245,19.1379],[-98.2246,19.1381],[-98.2367,19.1573],[-98.2622,19.1608],[-98.2879,19.1741],[-98.3063,19.1888],[-98.3122,19.1904],[-98.3238,19.1688],[-98.3398,19.1861],[-98.3519,19.219],[-98.3689,19.2261],[-98.378,19.2546],[-98.4103,19.2917],[-98.4077,19.3159],[-98.4421,19.3276],[-98.4549,19.3455],[-98.4703,19.3608],[-98.487,19.3896],[-98.4872,19.3922],[-98.5083,19.4269],[-98.5232,19.4609],[-98.5415,19.4608],[-98.5703,19.4668],[-98.5913,19.4492],[-98.6294,19.457],[-98.6341,19.4678],[-98.6532,19.466],[-98.6614,19.4581],[-98.6348,19.4312],[-98.6563,19.4221],[-98.6571,19.3971],[-98.6581,19.3827],[-98.6445,19.352],[-98.6605,19.3513],[-98.6635,19.3248],[-98.6319,19.2639],[-98.6275,19.2578],[-98.6436,19.2387],[-98.647,19.1848],[-98.6403,19.1672],[-98.6392,19.1636],[-98.6362,19.1536],[-98.6407,19.1255],[-98.627,19.1248],[-98.6393,19.0774],[-98.6302,19.0678],[-98.6199,19.0351],[-98.6275,19.0224],[-98.6329,19.0155],[-98.6503,18.9981],[-98.6633,18.9625],[-98.6736,18.9517],[-98.6781,18.9237],[-98.7073,18.9029],[-98.7135,18.8672],[-98.7029,18.8897],[-98.6729,18.9094],[-98.6633,18.8983],[-98.6721,18.88],[-98.6887,18.8581],[-98.695,18.8452],[-98.7082,18.8213],[-98.7279,18.8055],[-98.7397,18.7669],[-98.7474,18.7584],[-98.7534,18.7429],[-98.7186,18.7366],[-98.724,18.7191],[-98.7418,18.7029],[-98.7275,18.6696],[-98.7167,18.6253],[-98.7193,18.605],[-98.7125,18.5854],[-98.7167,18.5659],[-98.7031,18.5398],[-98.7127,18.518],[-98.699,18.495],[-98.7104,18.4681],[-98.7067,18.4451],[-98.727,18.4395],[-98.7379,18.4534],[-98.7549,18.4571],[-98.763,18.4763],[-98.7796,18.4804],[-98.7985,18.4977],[-98.8105,18.5192],[-98.8261,18.5229],[-98.8403,18.5128],[-98.8379,18.4937],[-98.8494,18.4798],[-98.8651,18.4798],[-98.9152,18.4573],[-98.9193,18.432],[-98.9392,18.422],[-98.974,18.4171],[-98.9875,18.3996],[-99.0159,18.3863],[-99.0314,18.3649],[-99.066,18.3326],[-99.0601,18.2967],[-99.0658,18.2804],[-99.0548,18.2714],[-99.054,18.2523],[-99.0317,18.2723],[-99.0147,18.2633],[-99.0218,18.2499],[-98.995,18.2374],[-99.0001,18.1902],[-98.9572,18.1887],[-98.8848,18.167],[-98.8592,18.1288],[-98.8524,18.1176],[-98.8602,18.0923],[-98.8698,18.0572],[-98.8123,18.0636],[-98.7774,18.056],[-98.7379,18.04],[-98.7686,18.0195],[-98.7941,18.024],[-98.8132,18.0112],[-98.7669,17.9893],[-98.7543,17.9898],[-98.7167,17.9733],[-98.7017,17.9541],[-98.6881,17.9619],[-98.6522,17.9341],[-98.6445,17.9336],[-98.6136,17.9496],[-98.5849,17.9739],[-98.5296,17.9758],[-98.5237,17.9942],[-98.4868,17.9908],[-98.4481,17.9907],[-98.4342,17.9839],[-98.4251,17.9357],[-98.4392,17.919],[-98.4236,17.8796],[-98.4249,17.866],[-98.3988,17.8609],[-98.3826,17.8837],[-98.362,17.882],[-98.3436,17.8902],[-98.3318,17.88],[-98.3024,17.8927],[-98.2979,17.9111],[-98.2823,17.9347],[-98.2627,17.927],[-98.2701,17.9153],[-98.2465,17.8784],[-98.2097,17.8798],[-98.2071,17.887],[-98.1769,17.8974],[-98.166,17.9193],[-98.1697,17.9526],[-98.1532,17.9679],[-98.1299,17.978],[-98.1073,17.9828],[-98.0516,17.9822],[-98.0298,17.9918],[-97.9945,17.9747],[-97.9676,17.9707],[-97.935,17.961],[-97.9487,17.9484],[-97.9363,17.9253],[-97.9031,17.9092],[-97.8791,17.9179],[-97.8324,17.9085],[-97.8193,17.9147],[-97.813,17.9451],[-97.8043,17.9578],[-97.7679,17.9767],[-97.7664,18.0059],[-97.7285,18.0122],[-97.6997,18.0016],[-97.6988,18.0217],[-97.7299,18.0373],[-97.7425,18.0555],[-97.7717,18.0684],[-97.7985,18.0358],[-97.7909,18.0042],[-97.8214,17.9882],[-97.8263,17.9727],[-97.8426,17.9961],[-97.8427,18.0189],[-97.8369,18.0326],[-97.8348,18.0498],[-97.8137,18.0629],[-97.8184,18.073],[-97.8495,18.0837],[-97.8606,18.1027],[-97.8672,18.1149],[-97.8639,18.148],[-97.8536,18.1679],[-97.8395,18.1712],[-97.8499,18.1885],[-97.8441,18.2162],[-97.823,18.2234],[-97.8276,18.2366],[-97.8155,18.262],[-97.7973,18.2832],[-97.7832,18.2863],[-97.7497,18.2758],[-97.7213,18.276],[-97.7109,18.2853],[-97.6634,18.2918],[-97.644,18.2794],[-97.6375,18.232],[-97.6359,18.1936],[-97.6421,18.1871],[-97.6516,18.1769],[-97.6153,18.1533],[-97.5975,18.1265],[-97.5696,18.1034],[-97.5681,18.0921],[-97.5576,18.0469],[-97.5439,18.0334],[-97.5224,18.0446],[-97.5059,18.0278],[-97.4797,18.0271],[-97.4669,18.027],[-97.4532,18.0437],[-97.4414,18.0719],[-97.4256,18.0693],[-97.4144,18.0967],[-97.4023,18.1072],[-97.3827,18.0972],[-97.3689,18.1005],[-97.3528,18.1233],[-97.3324,18.1452],[-97.3085,18.1561],[-97.2746,18.1571],[-97.225,18.1742],[-97.2143,18.1637],[-97.1872,18.1752],[-97.1924,18.1924],[-97.1674,18.2009],[-97.162,18.1865],[-97.1339,18.1577],[-97.1239,18.1625],[-97.1057,18.1481],[-97.0887,18.1492],[-97.0421,18.1566],[-97.0384,18.1763],[-97.025,18.1898],[-97.009,18.2059],[-96.9915,18.2307],[-96.9635,18.2291],[-96.9409,18.2196],[-96.9368,18.216],[-96.9364,18.2166],[-96.9303,18.2323],[-96.9107,18.2388],[-96.9047,18.2376],[-96.8663,18.242],[-96.8553,18.2413],[-96.8181,18.3062],[-96.8214,18.3213],[-96.7842,18.3383],[-96.786,18.3535],[-96.7533,18.3929],[-96.7286,18.3957],[-96.7285,18.4091],[-96.7591,18.4083],[-96.781,18.4291],[-96.797,18.5119],[-96.8134,18.5176],[-96.8245,18.4988],[-96.8424,18.4934],[-96.8653,18.5158],[-96.8663,18.5259],[-96.8735,18.5232],[-96.8993,18.5486],[-96.9259,18.5349],[-96.953,18.5539],[-96.9962,18.5285],[-96.9989,18.5319],[-97.0464,18.4996],[-97.052,18.4857],[-97.0811,18.4638],[-97.0835,18.4839],[-97.1127,18.5213],[-97.1137,18.5314],[-97.1446,18.5709],[-97.1424,18.5933],[-97.1744,18.6067],[-97.1984,18.6297],[-97.2136,18.6252],[-97.2266,18.6388],[-97.2354,18.6436],[-97.2594,18.6243],[-97.2736,18.6331],[-97.2821,18.6522],[-97.3032,18.6743],[-97.3227,18.6642],[-97.344,18.6858],[-97.349,18.7161],[-97.3397,18.759],[-97.3308,18.7639],[-97.352,18.7929],[-97.3263,18.8116],[-97.3258,18.813],[-97.3245,18.8304],[-97.2984,18.8605],[-97.2744,18.8881],[-97.2458,18.8933],[-97.2472,18.9189],[-97.255,18.9438],[-97.2613,18.9813],[-97.2789,18.9967],[-97.2689,19.0283],[-97.2672,19.0298],[-97.2666,19.0303],[-97.2695,19.0639],[-97.2602,19.0986],[-97.2387,19.1088],[-97.2154,19.1385],[-97.2081,19.16],[-97.1946,19.1718],[-97.1704,19.1639],[-97.1442,19.1639],[-97.109,19.1677],[-97.0751,19.1579],[-97.0529,19.1323],[-97.0381,19.1343],[-97.0413,19.1739],[-97.056,19.198],[-97.0296,19.218],[-97.0012,19.2365],[-97.0053,19.2495],[-96.9857,19.28],[-96.9914,19.2858],[-97.0035,19.2964],[-97.031,19.2973],[-97.0466,19.3198],[-97.0679,19.3214],[-97.098,19.3041],[-97.1296,19.3092],[-97.1479,19.3202],[-97.1485,19.3203],[-97.1667,19.3291],[-97.2106,19.317],[-97.2156,19.3231],[-97.2062,19.327],[-97.2109,19.358],[-97.2667,19.3825],[-97.2818,19.3873],[-97.3378,19.3925],[-97.3604,19.376],[-97.3717,19.4031],[-97.3941,19.4073],[-97.3901,19.4286],[-97.3573,19.4324],[-97.3469,19.451],[-97.3483,19.4846],[-97.3707,19.495],[-97.3949,19.4924],[-97.4055,19.5255],[-97.4249,19.5436],[-97.4341,19.5884],[-97.4199,19.6241],[-97.4027,19.6153],[-97.3804,19.634],[-97.3429,19.6686],[-97.3074,19.6845],[-97.3331,19.7168],[-97.3152,19.73],[-97.3197,19.7739],[-97.3131,19.7915],[-97.3156,19.8249],[-97.3082,19.8344],[-97.3019,19.8767],[-97.281,19.9123],[-97.2558,19.9325],[-97.2688,19.9463],[-97.261,19.9764],[-97.24,19.9873],[-97.2246,20.0094],[-97.2072,20.0145],[-97.2107,20.0412],[-97.2062,20.0564],[-97.1855,20.0623],[-97.1836,20.08],[-97.1539,20.1129],[-97.1406,20.1198],[-97.1567,20.1469],[-97.15,20.1606],[-97.1644,20.1518],[-97.2285,20.1726],[-97.2443,20.1812],[-97.2636,20.1781],[-97.2868,20.1912],[-97.3155,20.2006],[-97.3639,20.2161],[-97.3781,20.2262],[-97.3793,20.2496],[-97.4064,20.2326],[-97.4251,20.244],[-97.4453,20.2462],[-97.465,20.2212],[-97.4625,20.1852],[-97.4874,20.1654],[-97.5035,20.1486],[-97.4947,20.1378],[-97.5445,20.1039],[-97.5569,20.1074],[-97.5699,20.0821],[-97.586,20.0793],[-97.5957,20.0969],[-97.6027,20.1193],[-97.605,20.1578],[-97.6213,20.1721],[-97.622,20.1744],[-97.6354,20.1825],[-97.6587,20.1686],[-97.6896,20.1668],[-97.6987,20.1824],[-97.7414,20.1931],[-97.7308,20.2048],[-97.7365,20.2441],[-97.7512,20.2601],[-97.7572,20.2792],[-97.7409,20.2746],[-97.7084,20.2853],[-97.707,20.2992],[-97.6768,20.3069],[-97.6901,20.3336],[-97.7127,20.329],[-97.7429,20.3518],[-97.7482,20.3785],[-97.7654,20.3811],[-97.7485,20.4217],[-97.7338,20.4521]]]},"properties":{"cve":"21","municipio":"","estado":"Puebla","robos":762,"con_violencia":721,"indice":1122.5,"nivel":4,"periodo":"ene-ago 2026","escala":"estatal"}},{"type":"Feature","geometry":{"type":"MultiPolygon","coordinates":[[[[-87.5,19.8071],[-87.473,19.8569],[-87.4619,19.8611],[-87.4553,19.8835],[-87.4641,19.8955],[-87.4574,19.9282],[-87.468,19.9804],[-87.4765,20.0002],[-87.478,20.076],[-87.4579,20.1498],[-87.4225,20.2273],[-87.3559,20.3116],[-87.3524,20.3229],[-87.3191,20.3914],[-87.3036,20.4106],[-87.2765,20.4513],[-87.2313,20.4974],[-87.169,20.5358],[-87.1287,20.569],[-87.1219,20.5755],[-87.0981,20.5947],[-87.0218,20.6743],[-87.0081,20.7042],[-86.9624,20.7305],[-86.9642,20.7478],[-86.921,20.8072],[-86.9047,20.8124],[-86.8748,20.8473],[-86.8597,20.8925],[-86.8463,20.9055],[-86.8378,20.9355],[-86.8219,21.0013],[-86.8098,21.0292],[-86.7877,21.0298],[-86.7587,21.1116],[-86.7469,21.1314],[-86.8,21.1576],[-86.8071,21.1809],[-86.8018,21.212],[-86.801,21.2387],[-86.8159,21.2833],[-86.8116,21.303],[-86.7904,21.3456],[-86.7898,21.3887],[-86.8222,21.4047],[-86.7949,21.3655],[-86.7925,21.3424],[-86.8021,21.3258],[-86.8205,21.3171],[-86.8315,21.2818],[-86.8297,21.265],[-86.8485,21.2519],[-86.8614,21.2872],[-86.8618,21.3231],[-86.8745,21.3445],[-86.8867,21.4035],[-86.9193,21.4407],[-86.9525,21.4886],[-86.9523,21.5147],[-86.9696,21.5291],[-86.9821,21.5194],[-87.0087,21.5546],[-87.0686,21.5716],[-87.0857,21.5894],[-87.1058,21.578],[-87.1288,21.5539],[-87.1058,21.547],[-87.1058,21.5253],[-87.1106,21.4772],[-87.1318,21.4597],[-87.1584,21.4633],[-87.1666,21.4497],[-87.1884,21.4397],[-87.2141,21.4439],[-87.2441,21.4263],[-87.2585,21.4378],[-87.2721,21.4323],[-87.3158,21.4414],[-87.3388,21.4324],[-87.3546,21.4463],[-87.4028,21.4572],[-87.4376,21.4689],[-87.4625,21.4577],[-87.4872,21.4681],[-87.4883,21.4852],[-87.5349,21.4902],[-87.534,21.242],[-87.5331,20.9996],[-87.5783,20.9257],[-87.7437,20.6548],[-87.938,20.4702],[-87.9627,20.4467],[-87.9951,20.4473],[-87.993,20.4241],[-87.993,20.418],[-88.0649,20.3495],[-88.1365,20.2814],[-88.2327,20.2902],[-88.2646,20.2903],[-88.273,20.2699],[-88.3088,20.2535],[-88.3519,20.259],[-88.4091,20.2521],[-88.4151,20.233],[-88.4434,20.2381],[-88.5199,20.1923],[-88.5023,20.1901],[-88.5076,20.1434],[-88.5767,20.1481],[-88.588,20.1315],[-88.6127,20.1331],[-88.6192,20.1172],[-88.6399,20.1204],[-88.6906,20.0899],[-88.6849,20.0774],[-88.6918,20.0292],[-88.7002,20.0104],[-88.7425,20.0151],[-88.7835,20.0082],[-88.798,19.9749],[-88.7984,19.9525],[-88.8102,19.9449],[-88.8097,19.926],[-88.8273,19.9105],[-88.8204,19.8905],[-88.833,19.8782],[-88.8802,19.8781],[-88.8791,19.8624],[-88.9005,19.8611],[-88.8976,19.8369],[-88.9295,19.7909],[-88.9454,19.7919],[-88.9439,19.8134],[-88.9564,19.8168],[-88.9745,19.8181],[-88.9995,19.798],[-89.0041,19.772],[-89.0252,19.7767],[-89.0488,19.7215],[-88.9947,19.7274],[-88.9975,19.7049],[-89.0305,19.7088],[-89.0362,19.678],[-89.076,19.6854],[-89.0742,19.6942],[-89.1234,19.7034],[-89.1336,19.6146],[-89.1084,19.6123],[-89.109,19.5823],[-89.1495,19.5812],[-89.1449,19.6374],[-89.1892,19.644],[-89.1902,19.6333],[-89.2229,19.6367],[-89.2196,19.608],[-89.2966,19.5512],[-89.1467,19.4239],[-89.147,19.2266],[-89.147,19.1332],[-89.1358,19.1324],[-89.1471,18.995],[-89.1486,18.8773],[-89.1444,18.7559],[-89.1521,18.7357],[-89.1496,18.5496],[-89.1502,18.4511],[-89.1255,18.4506],[-89.1212,18.3858],[-89.1382,18.3855],[-89.1324,18.2934],[-89.1517,18.2936],[-89.1581,18.2213],[-89.1429,18.2242],[-89.1431,18.1458],[-89.2002,18.1446],[-89.2025,18.0833],[-89.1444,18.0824],[-89.1448,18.0577],[-89.1634,18.0579],[-89.163,18.0185],[-89.2067,18.0211],[-89.2059,17.9541],[-89.1522,17.9536],[-89.152,17.9403],[-89.1242,17.9753],[-89.0764,17.9938],[-89.0586,17.9903],[-89.0375,18.0051],[-89.001,17.9847],[-88.993,17.9597],[-88.9453,17.9527],[-88.9305,17.9414],[-88.9205,17.9158],[-88.8829,17.8962],[-88.8598,17.8945],[-88.8577,17.9246],[-88.8443,17.9403],[-88.8164,17.9494],[-88.7848,17.9862],[-88.7669,18.016],[-88.7708,18.0292],[-88.7167,18.0605],[-88.7196,18.0839],[-88.705,18.1327],[-88.6804,18.1595],[-88.6867,18.1947],[-88.6735,18.1942],[-88.641,18.2167],[-88.6155,18.2233],[-88.6047,18.241],[-88.6058,18.2917],[-88.5472,18.3556],[-88.5519,18.3752],[-88.5319,18.4082],[-88.5176,18.4635],[-88.4783,18.4939],[-88.4425,18.4814],[-88.4024,18.4967],[-88.3864,18.4813],[-88.3549,18.4846],[-88.3169,18.4948],[-88.2857,18.4937],[-88.252,18.5566],[-88.231,18.5868],[-88.2258,18.611],[-88.2053,18.6378],[-88.1916,18.6803],[-88.1724,18.6886],[-88.1604,18.7046],[-88.1714,18.7225],[-88.1447,18.7259],[-88.1462,18.7407],[-88.1293,18.7646],[-88.1257,18.7838],[-88.106,18.8086],[-88.1073,18.817],[-88.0814,18.8369],[-88.0692,18.8612],[-88.0379,18.8521],[-88.0387,18.8125],[-88.0176,18.7904],[-88.002,18.738],[-88.0161,18.691],[-88.0052,18.6642],[-88.0203,18.6133],[-88.0439,18.5807],[-88.0336,18.5672],[-88.0472,18.5285],[-88.0783,18.5105],[-88.0687,18.4853],[-88.0178,18.4574],[-88.009,18.4599],[-87.9724,18.4444],[-87.9361,18.4393],[-87.9371,18.3925],[-87.905,18.3843],[-87.9028,18.3587],[-87.879,18.3472],[-87.8799,18.328],[-87.8913,18.3043],[-87.8759,18.2829],[-87.8745,18.2607],[-87.8972,18.24],[-87.885,18.2197],[-87.8635,18.2197],[-87.8443,18.1909],[-87.8322,18.2962],[-87.8197,18.3313],[-87.804,18.3493],[-87.7885,18.3837],[-87.7713,18.4016],[-87.7614,18.4415],[-87.7643,18.4604],[-87.7571,18.5151],[-87.7398,18.5456],[-87.7376,18.5933],[-87.7252,18.6685],[-87.7118,18.7101],[-87.6847,18.7379],[-87.6693,18.7634],[-87.6691,18.798],[-87.6626,18.8278],[-87.6433,18.8574],[-87.642,18.8843],[-87.6313,18.9057],[-87.6315,18.9264],[-87.6142,18.9625],[-87.6053,18.9877],[-87.5854,19.0181],[-87.562,19.0686],[-87.5497,19.0847],[-87.55,19.1186],[-87.5411,19.1537],[-87.5396,19.1998],[-87.5263,19.23],[-87.5123,19.2396],[-87.4487,19.3091],[-87.4612,19.3199],[-87.4893,19.3264],[-87.5146,19.3093],[-87.5376,19.307],[-87.5623,19.2904],[-87.5934,19.2369],[-87.607,19.23],[-87.6244,19.1917],[-87.6552,19.1811],[-87.6708,19.1899],[-87.6869,19.2348],[-87.6612,19.2607],[-87.6502,19.3393],[-87.636,19.3734],[-87.6053,19.3967],[-87.5539,19.427],[-87.5251,19.3956],[-87.4889,19.4386],[-87.4703,19.4455],[-87.4444,19.4689],[-87.4287,19.4986],[-87.4313,19.51],[-87.4143,19.5641],[-87.4101,19.5982],[-87.4264,19.6172],[-87.4562,19.6158],[-87.4517,19.596],[-87.5072,19.5867],[-87.515,19.5631],[-87.5353,19.5574],[-87.5539,19.5641],[-87.6145,19.5528],[-87.6329,19.5383],[-87.6504,19.5052],[-87.6779,19.5377],[-87.6764,19.5638],[-87.702,19.5502],[-87.7093,19.5743],[-87.7285,19.5764],[-87.7437,19.5902],[-87.7396,19.6432],[-87.7422,19.6637],[-87.6818,19.6822],[-87.6457,19.68],[-87.6155,19.7248],[-87.5787,19.7903],[-87.5627,19.8039],[-87.5452,19.7957],[-87.5147,19.7991],[-87.5,19.8071]]],[[[-86.7267,20.5766],[-86.7232,20.5904],[-86.7899,20.5563],[-86.8543,20.5499],[-86.8648,20.5372],[-86.8992,20.562],[-86.9275,20.5508],[-86.9463,20.5159],[-86.9605,20.5018],[-86.9904,20.4487],[-87.017,20.4116],[-87.0253,20.367],[-87.021,20.3387],[-86.9944,20.2745],[-86.9876,20.2719],[-86.929,20.3159],[-86.9139,20.3369],[-86.898,20.3458],[-86.8769,20.3811],[-86.8306,20.4381],[-86.8181,20.4383],[-86.7956,20.4625],[-86.7634,20.5071],[-86.7578,20.5255],[-86.7267,20.5766]]],[[[-87.1058,21.6049],[-87.1471,21.5714],[-87.2088,21.5468],[-87.2703,21.5403],[-87.308,21.5481],[-87.3349,21.5662],[-87.3601,21.5401],[-87.3972,21.5123],[-87.3863,21.5043],[-87.3574,21.5347],[-87.3366,21.5414],[-87.2929,21.5198],[-87.2718,21.5253],[-87.2074,21.525],[-87.1665,21.5563],[-87.1388,21.5624],[-87.1058,21.6014],[-87.1058,21.6049]]]]},"properties":{"cve":"23","municipio":"","estado":"Quintana Roo","robos":6,"con_violencia":3,"indice":7.5,"nivel":1,"periodo":"ene-ago 2026","escala":"estatal"}},{"type":"Feature","geometry":{"type":"Polygon","coordinates":[[[-98.4882,21.8376],[-98.5093,21.8244],[-98.5185,21.8314],[-98.5275,21.8614],[-98.5448,21.8899],[-98.5347,21.9064],[-98.5466,21.9193],[-98.5311,21.9344],[-98.4988,21.9274],[-98.5123,21.9495],[-98.5291,21.9506],[-98.5533,21.9334],[-98.5736,21.943],[-98.579,21.9599],[-98.5622,21.9676],[-98.552,21.9609],[-98.5204,21.9789],[-98.4951,21.9611],[-98.4686,21.9662],[-98.482,21.983],[-98.4636,21.991],[-98.4435,22.033],[-98.4464,22.0422],[-98.4332,22.0887],[-98.4195,22.1009],[-98.4382,22.1148],[-98.4167,22.1412],[-98.3553,22.1803],[-98.3365,22.1877],[-98.3352,22.21],[-98.3446,22.2221],[-98.326,22.2431],[-98.3696,22.2381],[-98.3681,22.2554],[-98.4051,22.2561],[-98.408,22.2841],[-98.4279,22.2838],[-98.4467,22.3056],[-98.467,22.2958],[-98.496,22.3037],[-98.5061,22.316],[-98.5256,22.3188],[-98.5352,22.3379],[-98.5548,22.338],[-98.5793,22.3486],[-98.5829,22.3731],[-98.6815,22.3716],[-98.6709,22.4057],[-98.6939,22.4042],[-98.7482,22.379],[-98.7517,22.369],[-98.8168,22.3574],[-98.8537,22.3682],[-98.8723,22.3674],[-98.89,22.3551],[-98.91,22.3717],[-98.9188,22.3714],[-98.9255,22.3717],[-98.932,22.3928],[-99.0607,22.4153],[-99.1146,22.4067],[-99.2323,22.4126],[-99.2631,22.4698],[-99.2724,22.5133],[-99.2887,22.5558],[-99.3055,22.5886],[-99.3296,22.6349],[-99.3732,22.6291],[-99.3857,22.67],[-99.4199,22.662],[-99.4421,22.6636],[-99.4771,22.7406],[-99.4968,22.7485],[-99.5443,22.7441],[-99.5392,22.7291],[-99.5153,22.6647],[-99.4945,22.6209],[-99.5137,22.6151],[-99.5347,22.6128],[-99.5606,22.6412],[-99.6825,22.6811],[-99.7241,22.6596],[-99.7548,22.6566],[-99.785,22.6685],[-99.8055,22.6578],[-99.8479,22.6784],[-99.8428,22.7306],[-99.8832,22.7482],[-99.9591,22.75],[-100.0223,22.7259],[-100.0941,22.7513],[-100.0975,22.7658],[-100.0294,22.8244],[-100.0442,22.9179],[-100.1104,22.9167],[-100.1108,22.9757],[-100.0894,22.9688],[-100.0995,23.0079],[-100.0742,22.9967],[-100.0618,23.012],[-100.0669,23.0314],[-100.0449,23.0519],[-100.0116,23.0656],[-100.0694,23.0969],[-100.0687,23.1212],[-100.1156,23.126],[-100.119,23.1524],[-100.1183,23.2005],[-100.1038,23.2315],[-100.2282,23.2505],[-100.2202,23.2979],[-100.2784,23.3104],[-100.3063,23.2609],[-100.3317,23.2591],[-100.3743,23.2653],[-100.3638,23.189],[-100.3235,23.1956],[-100.3318,23.1627],[-100.4798,23.1944],[-100.4836,23.214],[-100.4571,23.3664],[-100.5172,23.421],[-100.4976,23.494],[-100.4942,23.5284],[-100.4644,23.5121],[-100.4591,23.5332],[-100.4695,23.5668],[-100.4916,23.5686],[-100.4774,23.6338],[-100.4457,23.6773],[-100.4977,23.7363],[-100.4976,23.7987],[-100.5286,23.8175],[-100.5255,23.8395],[-100.5503,23.8422],[-100.5398,23.8884],[-100.5468,23.9174],[-100.5624,23.9196],[-100.5413,24.0257],[-100.5238,24.0715],[-100.5387,24.1185],[-100.5196,24.1184],[-100.5168,24.1399],[-100.5496,24.1483],[-100.6134,24.1739],[-100.5935,24.1782],[-100.5851,24.2239],[-100.6331,24.226],[-100.5999,24.3488],[-100.6035,24.4013],[-100.7112,24.4915],[-100.7423,24.4604],[-100.8504,24.3435],[-100.9453,24.2812],[-101.0067,24.3358],[-101.0099,24.3851],[-100.9879,24.4178],[-100.9873,24.4325],[-101.0127,24.3908],[-101.0654,24.207],[-101.1732,24.1641],[-101.2167,24.1597],[-101.2094,24.0869],[-101.1926,23.9186],[-101.2481,23.8764],[-101.327,23.8127],[-101.3404,23.7972],[-101.4667,23.6937],[-101.7751,23.4476],[-102.0119,23.3727],[-102.1225,23.3539],[-102.1688,23.361],[-102.1686,23.3989],[-102.1913,23.4014],[-102.1936,23.4476],[-102.2382,23.4469],[-102.2536,23.365],[-102.2683,23.3423],[-102.296,23.3205],[-102.2547,23.2808],[-102.2858,23.2733],[-102.2894,23.2317],[-102.2395,23.2095],[-102.241,23.1694],[-102.2142,23.1313],[-102.2513,23.0716],[-102.2601,23.0459],[-102.2381,23.0476],[-102.2335,23.0249],[-102.2282,22.9965],[-102.197,22.8826],[-102.1921,22.8649],[-102.1249,22.783],[-101.9482,22.652],[-101.9461,22.6504],[-101.9398,22.6457],[-101.8533,22.656],[-101.873,22.5631],[-101.8199,22.5513],[-101.8371,22.4997],[-101.7993,22.4706],[-101.7978,22.4701],[-101.7834,22.465],[-101.7715,22.4882],[-101.7354,22.4802],[-101.7462,22.5087],[-101.696,22.5204],[-101.6747,22.5065],[-101.656,22.5138],[-101.5901,22.589],[-101.5953,22.6239],[-101.5738,22.6128],[-101.5674,22.6568],[-101.497,22.7015],[-101.4912,22.7419],[-101.4111,22.7477],[-101.3601,22.7143],[-101.3657,22.692],[-101.38,22.6758],[-101.3594,22.6535],[-101.3369,22.6588],[-101.3162,22.6175],[-101.3057,22.6099],[-101.2883,22.5622],[-101.2941,22.527],[-101.2857,22.5079],[-101.3154,22.4696],[-101.3137,22.4535],[-101.3748,22.4565],[-101.3736,22.4396],[-101.3819,22.3575],[-101.433,22.3633],[-101.4351,22.3415],[-101.3985,22.2939],[-101.398,22.2824],[-101.37,22.2533],[-101.3529,22.2292],[-101.3243,22.2099],[-101.3513,22.1768],[-101.3413,22.1521],[-101.3294,22.1356],[-101.3508,22.0878],[-101.3541,22.0448],[-101.3745,22.0414],[-101.3828,22.0207],[-101.3524,22.0131],[-101.3605,21.9952],[-101.3997,21.9637],[-101.4052,21.9485],[-101.4304,21.9323],[-101.4102,21.9087],[-101.4665,21.8802],[-101.4832,21.8677],[-101.4861,21.8419],[-101.5035,21.8301],[-101.4963,21.8099],[-101.4739,21.8274],[-101.4227,21.825],[-101.3653,21.8394],[-101.3195,21.8353],[-101.2928,21.8139],[-101.2607,21.8234],[-101.2172,21.8161],[-101.2198,21.8022],[-101.1613,21.7575],[-101.1361,21.7532],[-101.0592,21.7655],[-100.982,21.7535],[-100.9654,21.7349],[-100.9435,21.7326],[-100.9381,21.7205],[-100.9126,21.7136],[-100.9212,21.7003],[-100.9024,21.682],[-100.8701,21.6725],[-100.853,21.6743],[-100.8343,21.6646],[-100.8576,21.619],[-100.7513,21.5806],[-100.735,21.579],[-100.7176,21.5502],[-100.6824,21.5477],[-100.6575,21.5247],[-100.6143,21.5331],[-100.615,21.5058],[-100.5844,21.5223],[-100.5467,21.5323],[-100.534,21.5423],[-100.4643,21.5432],[-100.4554,21.5563],[-100.4715,21.5876],[-100.4724,21.6043],[-100.4604,21.624],[-100.4513,21.6663],[-100.4357,21.6807],[-100.419,21.6747],[-100.3755,21.6798],[-100.3514,21.6917],[-100.3221,21.6821],[-100.2771,21.6865],[-100.2463,21.6649],[-100.2232,21.6656],[-100.1939,21.6472],[-100.1806,21.6502],[-100.1671,21.6341],[-100.1746,21.6105],[-100.147,21.6179],[-100.125,21.5935],[-100.0761,21.5581],[-100.0623,21.5233],[-99.957,21.5262],[-99.9651,21.5051],[-99.958,21.4827],[-99.9424,21.4618],[-99.906,21.4481],[-99.867,21.4735],[-99.8349,21.4781],[-99.8171,21.4617],[-99.7884,21.4771],[-99.7773,21.495],[-99.7493,21.5232],[-99.7528,21.5439],[-99.7467,21.5784],[-99.7056,21.5707],[-99.6602,21.5672],[-99.6258,21.5073],[-99.5644,21.4537],[-99.5498,21.4473],[-99.5373,21.4315],[-99.5013,21.4185],[-99.4718,21.436],[-99.4351,21.4496],[-99.4155,21.4291],[-99.4046,21.4289],[-99.3823,21.4815],[-99.3873,21.4941],[-99.372,21.5071],[-99.3759,21.5479],[-99.3458,21.5506],[-99.3331,21.5379],[-99.3074,21.532],[-99.274,21.5678],[-99.2815,21.5838],[-99.2794,21.6082],[-99.2435,21.6151],[-99.2339,21.6288],[-99.2251,21.6333],[-99.2172,21.6669],[-99.1881,21.6699],[-99.1719,21.627],[-99.1306,21.5966],[-99.1281,21.5834],[-99.1423,21.5354],[-99.1293,21.4868],[-99.1224,21.4534],[-99.0981,21.4084],[-99.0926,21.3634],[-99.1295,21.362],[-99.1378,21.3298],[-99.1217,21.3102],[-99.0551,21.2825],[-99.0431,21.2796],[-99.0128,21.2954],[-98.9779,21.2964],[-98.945,21.3113],[-98.9425,21.3027],[-98.9326,21.2983],[-98.921,21.2624],[-98.9148,21.2273],[-98.9036,21.2127],[-98.8829,21.1926],[-98.8638,21.1884],[-98.8245,21.1612],[-98.7888,21.1664],[-98.7687,21.1744],[-98.7551,21.1867],[-98.7195,21.1842],[-98.7052,21.1872],[-98.6911,21.1675],[-98.6946,21.1783],[-98.6772,21.1995],[-98.6579,21.1855],[-98.6396,21.1831],[-98.6091,21.201],[-98.6013,21.2321],[-98.6077,21.2565],[-98.5991,21.2921],[-98.6336,21.3134],[-98.6476,21.3123],[-98.671,21.325],[-98.6836,21.3419],[-98.6528,21.3468],[-98.644,21.3665],[-98.6033,21.3579],[-98.5875,21.3724],[-98.5682,21.3717],[-98.5391,21.3834],[-98.5295,21.3677],[-98.5043,21.3894],[-98.5209,21.4041],[-98.5224,21.437],[-98.5169,21.4607],[-98.5359,21.4939],[-98.5323,21.5011],[-98.602,21.5434],[-98.6001,21.5544],[-98.6182,21.5788],[-98.6211,21.6278],[-98.6359,21.6264],[-98.6332,21.6539],[-98.6192,21.6713],[-98.597,21.6687],[-98.5755,21.6745],[-98.5583,21.6877],[-98.5671,21.7176],[-98.5429,21.7228],[-98.5329,21.6976],[-98.5127,21.7266],[-98.476,21.7466],[-98.4807,21.7592],[-98.4547,21.7667],[-98.4617,21.7901],[-98.4775,21.8153],[-98.4935,21.8162],[-98.4882,21.8376]]]},"properties":{"cve":"24","municipio":"","estado":"San Luis Potosí","robos":194,"con_violencia":78,"indice":233.0,"nivel":3,"periodo":"ene-ago 2026","escala":"estatal"}},{"type":"Feature","geometry":{"type":"Polygon","coordinates":[[[-106.9943,25.6622],[-106.9669,25.6683],[-106.9653,25.6979],[-106.9903,25.7149],[-107.0103,25.692],[-107.0469,25.7006],[-107.0655,25.7258],[-107.0593,25.7582],[-107.1946,25.8523],[-107.2471,25.8799],[-107.2425,25.8924],[-107.2961,25.9248],[-107.2803,25.9574],[-107.282,25.992],[-107.2763,26.002],[-107.3067,26.0488],[-107.3049,26.0764],[-107.3465,26.1095],[-107.4161,26.1412],[-107.4632,26.1365],[-107.4937,26.1106],[-107.52,26.1042],[-107.5433,26.1463],[-107.5649,26.1645],[-107.5894,26.1699],[-107.6353,26.1547],[-107.6528,26.1636],[-107.6808,26.1629],[-107.7135,26.1725],[-107.7476,26.1538],[-107.7552,26.1345],[-107.7807,26.1369],[-107.7894,26.1688],[-107.8103,26.1837],[-107.8371,26.1825],[-107.854,26.1965],[-107.8563,26.226],[-107.8998,26.2867],[-107.9741,26.3886],[-108.0128,26.439],[-107.9994,26.4484],[-107.9696,26.4702],[-107.9726,26.4873],[-107.9573,26.4937],[-107.9636,26.5273],[-107.988,26.5461],[-107.9923,26.5626],[-108.0125,26.5796],[-108.0363,26.6191],[-108.0609,26.627],[-108.0646,26.6474],[-108.0329,26.6677],[-108.0146,26.6857],[-108.0068,26.7055],[-108.0187,26.7298],[-108.0057,26.761],[-108.0143,26.7732],[-108.0376,26.7698],[-108.0268,26.7985],[-108.0368,26.8101],[-108.0941,26.8705],[-108.1442,26.8676],[-108.1396,26.8955],[-108.1901,26.8959],[-108.2123,26.8862],[-108.2302,26.9057],[-108.2251,26.9221],[-108.2321,26.9611],[-108.2109,26.9804],[-108.1946,26.9836],[-108.1815,27.0032],[-108.1948,27.0255],[-108.2259,27.0272],[-108.2429,27.042],[-108.2816,27.0132],[-108.3034,27.0366],[-108.3175,27.0341],[-108.335,27.0052],[-108.3501,27.0226],[-108.3716,27.023],[-108.4096,27.0134],[-108.4212,27.0212],[-108.4701,27.0347],[-108.5046,27.0046],[-108.5025,26.9874],[-108.467,26.9707],[-108.5177,26.8815],[-108.5331,26.8444],[-108.558,26.8192],[-108.5369,26.7984],[-108.5518,26.781],[-108.576,26.7778],[-108.5942,26.7592],[-108.601,26.7272],[-108.6284,26.7184],[-108.636,26.6905],[-108.6304,26.6766],[-108.6577,26.6691],[-108.6636,26.658],[-108.679,26.6429],[-108.6788,26.587],[-108.7106,26.5871],[-108.7343,26.5936],[-108.7766,26.5801],[-108.7877,26.5653],[-108.8064,26.5706],[-108.8732,26.5511],[-108.8914,26.4899],[-108.8378,26.4769],[-108.8761,26.4476],[-108.8603,26.4328],[-108.8814,26.4063],[-108.9092,26.4166],[-108.9365,26.3902],[-108.9498,26.3922],[-109.0064,26.4024],[-109.0699,26.3573],[-109.1001,26.3129],[-109.1309,26.2974],[-109.1717,26.3116],[-109.1926,26.3404],[-109.2156,26.3345],[-109.2476,26.316],[-109.2583,26.3199],[-109.2519,26.3122],[-109.2884,26.2773],[-109.299,26.2264],[-109.3103,26.2025],[-109.3549,26.1301],[-109.4031,26.0649],[-109.4338,25.9986],[-109.4439,25.9594],[-109.4437,25.9419],[-109.4245,25.8946],[-109.4219,25.8527],[-109.4325,25.8071],[-109.4122,25.7609],[-109.3987,25.6826],[-109.3905,25.6696],[-109.3924,25.6376],[-109.3225,25.6468],[-109.2797,25.6426],[-109.2281,25.6268],[-109.1925,25.6038],[-109.1617,25.5618],[-109.1192,25.545],[-109.087,25.5113],[-109.0796,25.496],[-109.0266,25.4444],[-109.021,25.4383],[-108.9627,25.4317],[-108.9088,25.4198],[-108.8749,25.4074],[-108.8292,25.3851],[-108.7858,25.3693],[-108.7515,25.3685],[-108.6648,25.3475],[-108.5833,25.3202],[-108.502,25.2861],[-108.4717,25.2702],[-108.4351,25.2436],[-108.3837,25.1867],[-108.3575,25.1692],[-108.3344,25.1248],[-108.3438,25.115],[-108.3269,25.0996],[-108.2881,25.0771],[-108.2415,25.0352],[-108.2124,24.9954],[-108.1365,24.8721],[-108.12,24.8322],[-108.0908,24.8161],[-108.0699,24.7851],[-108.0373,24.7511],[-108.0215,24.7285],[-108.0189,24.6816],[-108.0029,24.6574],[-107.9607,24.6226],[-107.85,24.5571],[-107.8309,24.5399],[-107.8231,24.5224],[-107.8206,24.5007],[-107.7586,24.4712],[-107.7023,24.4392],[-107.6191,24.3876],[-107.475,24.2922],[-107.4225,24.2512],[-107.4052,24.232],[-107.3155,24.1795],[-107.2373,24.1297],[-107.219,24.1214],[-107.2013,24.0984],[-107.1161,24.0374],[-107.0116,23.9528],[-106.8909,23.8388],[-106.882,23.7958],[-106.8619,23.7743],[-106.8431,23.7509],[-106.8412,23.7355],[-106.8017,23.6936],[-106.7951,23.6717],[-106.8027,23.6483],[-106.7642,23.6132],[-106.7292,23.5952],[-106.6955,23.5697],[-106.6771,23.5389],[-106.6297,23.4991],[-106.6184,23.4735],[-106.5697,23.4313],[-106.5245,23.3857],[-106.4807,23.3254],[-106.4839,23.309],[-106.4666,23.2606],[-106.4535,23.2415],[-106.4252,23.2226],[-106.431,23.2027],[-106.4236,23.1795],[-106.4061,23.1869],[-106.3617,23.1573],[-106.3198,23.1216],[-106.2922,23.0927],[-106.2579,23.0684],[-106.182,22.9986],[-106.1083,22.9194],[-106.0342,22.8303],[-105.998,22.8131],[-105.9582,22.7861],[-105.9045,22.7402],[-105.8461,22.6822],[-105.8019,22.626],[-105.7735,22.5765],[-105.7596,22.5376],[-105.7502,22.5393],[-105.7277,22.4924],[-105.7012,22.4677],[-105.677,22.4681],[-105.6711,22.4816],[-105.6772,22.5129],[-105.7004,22.5585],[-105.6822,22.5721],[-105.6601,22.5859],[-105.6314,22.5888],[-105.622,22.5714],[-105.6005,22.5589],[-105.5983,22.5367],[-105.5736,22.5393],[-105.5399,22.5356],[-105.5336,22.515],[-105.5027,22.5256],[-105.4608,22.5086],[-105.4417,22.5243],[-105.4346,22.55],[-105.4391,22.5879],[-105.456,22.5987],[-105.4523,22.6271],[-105.4742,22.6328],[-105.464,22.6592],[-105.4981,22.6514],[-105.5229,22.7243],[-105.5141,22.7593],[-105.5232,22.7731],[-105.4949,22.8106],[-105.4842,22.8587],[-105.4712,22.8833],[-105.4982,22.9335],[-105.5013,22.9586],[-105.4533,22.9774],[-105.4326,23.024],[-105.409,23.0236],[-105.413,23.0741],[-105.3922,23.0841],[-105.4159,23.1169],[-105.4553,23.1173],[-105.502,23.128],[-105.5312,23.1181],[-105.5371,23.1045],[-105.5976,23.1091],[-105.6235,23.1223],[-105.6453,23.1437],[-105.6297,23.2023],[-105.6303,23.2356],[-105.6477,23.2603],[-105.6432,23.2765],[-105.6848,23.2857],[-105.6946,23.3216],[-105.718,23.3685],[-105.7003,23.4197],[-105.7296,23.4303],[-105.7384,23.4446],[-105.7239,23.4757],[-105.751,23.5003],[-105.7604,23.5351],[-105.7729,23.561],[-105.7949,23.5801],[-105.8073,23.5906],[-105.8116,23.611],[-105.8843,23.5904],[-105.8927,23.5526],[-105.9089,23.5883],[-105.9266,23.6841],[-105.9159,23.7264],[-105.9267,23.7615],[-105.9249,23.7738],[-105.9393,23.7914],[-105.9519,23.8196],[-105.9613,23.8407],[-105.9537,23.9086],[-105.8852,23.8796],[-105.8672,23.8752],[-105.8585,23.9017],[-105.8816,23.9328],[-105.8999,23.9439],[-105.9454,23.948],[-105.9085,23.9834],[-105.9415,24.0132],[-105.9604,24.0179],[-105.9663,24.0313],[-106.0001,24.0465],[-106.0079,24.0718],[-105.9891,24.108],[-106.0041,24.1215],[-106.0032,24.1468],[-106.0286,24.1803],[-106.0439,24.2209],[-106.0699,24.2202],[-106.0745,24.2694],[-106.1525,24.3388],[-106.17,24.3337],[-106.1944,24.3518],[-106.2689,24.3748],[-106.3278,24.3611],[-106.3461,24.3449],[-106.3526,24.3165],[-106.363,24.3042],[-106.4295,24.2851],[-106.4697,24.2779],[-106.5083,24.2909],[-106.528,24.2951],[-106.5341,24.3095],[-106.586,24.379],[-106.5835,24.3903],[-106.6016,24.4146],[-106.5693,24.437],[-106.56,24.4727],[-106.5871,24.4926],[-106.6248,24.5002],[-106.6226,24.5249],[-106.6455,24.529],[-106.6836,24.5985],[-106.6891,24.6238],[-106.7059,24.6653],[-106.7151,24.6721],[-106.861,24.8184],[-106.886,24.8264],[-106.9029,24.8284],[-106.9193,24.814],[-106.9307,24.8209],[-106.9464,24.8585],[-106.9271,24.8666],[-106.9732,24.9096],[-107.0183,24.9336],[-107.0573,24.9987],[-107.0674,25.0302],[-107.1299,25.0531],[-107.1249,25.1866],[-107.1488,25.2245],[-107.1354,25.2253],[-107.1215,25.2435],[-107.1483,25.2592],[-107.1584,25.263],[-107.2078,25.3316],[-107.1716,25.3264],[-107.2101,25.4171],[-107.1849,25.4368],[-107.1586,25.4422],[-107.1512,25.4763],[-107.1393,25.4896],[-107.1477,25.505],[-107.1663,25.503],[-107.1776,25.5144],[-107.1701,25.5595],[-107.1387,25.5601],[-107.1246,25.5504],[-107.11,25.5606],[-107.0342,25.5963],[-106.9733,25.6296],[-106.9943,25.6622]]]},"properties":{"cve":"25","municipio":"","estado":"Sinaloa","robos":3,"con_violencia":1,"indice":3.5,"nivel":1,"periodo":"ene-ago 2026","escala":"estatal"}},{"type":"Feature","geometry":{"type":"MultiPolygon","coordinates":[[[[-108.7399,27.6],[-108.7542,27.6367],[-108.7493,27.6647],[-108.7626,27.676],[-108.766,27.7058],[-108.817,27.7322],[-108.833,27.7443],[-108.8955,27.7448],[-108.9151,27.7757],[-108.9105,27.8091],[-108.8861,27.8137],[-108.8691,27.8393],[-108.9149,27.854],[-108.9198,27.8709],[-108.9265,27.9406],[-108.9503,27.954],[-108.9784,27.9788],[-108.9917,27.98],[-109.0319,28.0183],[-109.0518,28.0991],[-109.068,28.129],[-109.0717,28.1503],[-109.0658,28.1826],[-109.062,28.1992],[-109.0749,28.2726],[-109.0399,28.2687],[-109.0228,28.2775],[-108.9988,28.2555],[-108.9875,28.278],[-108.9614,28.262],[-108.9127,28.26],[-108.8795,28.2645],[-108.8405,28.2543],[-108.8304,28.265],[-108.751,28.2716],[-108.6872,28.3035],[-108.6619,28.2955],[-108.6355,28.3063],[-108.6362,28.3352],[-108.6112,28.3353],[-108.6035,28.3476],[-108.5509,28.3181],[-108.5196,28.3348],[-108.5217,28.3651],[-108.5014,28.3557],[-108.4797,28.3696],[-108.489,28.3751],[-108.5155,28.4263],[-108.5041,28.4544],[-108.5204,28.4598],[-108.5077,28.5082],[-108.5233,28.5059],[-108.5313,28.5567],[-108.5516,28.5778],[-108.5644,28.6127],[-108.5802,28.6324],[-108.5839,28.6659],[-108.5838,28.7163],[-108.5838,28.7401],[-108.6207,28.7503],[-108.6433,28.7651],[-108.6456,28.7947],[-108.6578,28.8092],[-108.6812,28.8548],[-108.6871,28.8757],[-108.7068,28.8843],[-108.6981,28.9363],[-108.7244,29.0699],[-108.7115,29.0874],[-108.7296,29.0965],[-108.6985,29.1277],[-108.7289,29.1718],[-108.7452,29.1722],[-108.7539,29.2001],[-108.7354,29.2177],[-108.7501,29.2567],[-108.7303,29.2691],[-108.6822,29.2674],[-108.6697,29.3074],[-108.7036,29.4085],[-108.7074,29.4395],[-108.7178,29.466],[-108.6943,29.4671],[-108.6896,29.484],[-108.644,29.4888],[-108.6623,29.5445],[-108.6383,29.5583],[-108.6595,29.584],[-108.6411,29.5889],[-108.6447,29.6275],[-108.655,29.6494],[-108.6183,29.6605],[-108.6452,29.692],[-108.6591,29.7161],[-108.5925,29.7176],[-108.5928,29.7284],[-108.5478,29.7374],[-108.535,29.7514],[-108.5413,29.7961],[-108.6017,29.7971],[-108.6294,29.8063],[-108.6348,29.8321],[-108.6072,29.8471],[-108.6217,29.8782],[-108.6158,29.8835],[-108.6188,29.9313],[-108.6285,29.9534],[-108.6155,29.9659],[-108.6069,30.0286],[-108.6106,30.0424],[-108.6147,30.0578],[-108.6117,30.1023],[-108.6176,30.236],[-108.6202,30.2982],[-108.586,30.2861],[-108.5505,30.2666],[-108.5422,30.2835],[-108.5658,30.3082],[-108.58,30.3375],[-108.6221,30.3403],[-108.6198,30.3748],[-108.6487,30.4169],[-108.6136,30.4357],[-108.6038,30.4651],[-108.6648,30.4682],[-108.6571,30.4703],[-108.662,30.5219],[-108.6874,30.5548],[-108.7274,30.5805],[-108.7267,30.5945],[-108.7565,30.5961],[-108.762,30.5873],[-108.8306,30.6017],[-108.8744,30.6235],[-108.8777,30.6378],[-108.8669,30.6894],[-108.8869,30.7193],[-108.919,30.7394],[-108.9483,30.7369],[-108.9355,30.7736],[-108.931,30.8665],[-108.9392,30.9076],[-108.8024,30.9041],[-108.8033,31.0048],[-108.6838,31.006],[-108.6844,31.0337],[-108.7525,31.0338],[-108.7307,31.0517],[-108.7638,31.0724],[-108.77,31.1025],[-108.8333,31.1255],[-108.8456,31.1356],[-108.835,31.1693],[-108.805,31.193],[-108.8483,31.1951],[-108.8607,31.2189],[-108.9003,31.2025],[-108.9063,31.2133],[-108.8798,31.2388],[-108.8172,31.239],[-108.7559,31.3324],[-108.957,31.3322],[-109.3124,31.3342],[-109.7465,31.3341],[-110.1476,31.3341],[-110.3393,31.3334],[-110.5858,31.3325],[-110.7007,31.3333],[-110.8476,31.3337],[-111.075,31.3326],[-111.2139,31.3771],[-111.6567,31.5186],[-112.1197,31.6647],[-112.3456,31.735],[-112.695,31.8425],[-113.0097,31.9386],[-113.2102,32],[-113.4369,32.0715],[-113.5765,32.1153],[-113.9501,32.2316],[-114.2883,32.3354],[-114.6669,32.4504],[-114.8136,32.4939],[-114.8157,32.4833],[-114.8491,32.4734],[-114.8802,32.492],[-114.9001,32.4835],[-114.935,32.4819],[-114.9316,32.4411],[-114.9609,32.4107],[-114.9538,32.397],[-114.9632,32.3767],[-114.9656,32.341],[-115.0076,32.3054],[-115.0427,32.2701],[-115.053,32.2452],[-115.0414,32.2324],[-114.9753,32.178],[-114.9897,32.1464],[-114.957,32.0386],[-114.9674,31.9969],[-114.9655,31.9184],[-114.9471,31.9118],[-114.9392,31.8921],[-114.9148,31.8822],[-114.9067,31.8673],[-114.8432,31.8636],[-114.8257,31.8288],[-114.8069,31.8167],[-114.7871,31.8231],[-114.7567,31.8164],[-114.7227,31.7771],[-114.6928,31.7631],[-114.63,31.7634],[-114.5922,31.7565],[-114.554,31.7355],[-114.5271,31.7021],[-114.509,31.6957],[-114.497,31.6762],[-114.462,31.6678],[-114.4483,31.6484],[-114.3958,31.6286],[-114.365,31.6085],[-114.3324,31.5968],[-114.3277,31.5842],[-114.2794,31.5446],[-114.2347,31.5306],[-114.2,31.5095],[-114.1444,31.4927],[-114.0252,31.4927],[-114.0191,31.515],[-114.006,31.5238],[-113.9861,31.53],[-113.9803,31.5467],[-113.9612,31.5606],[-113.9737,31.5783],[-113.9725,31.6016],[-113.9794,31.6314],[-113.9344,31.6031],[-113.8975,31.6069],[-113.8696,31.5876],[-113.8525,31.5954],[-113.8101,31.567],[-113.7767,31.5645],[-113.7633,31.5506],[-113.6754,31.512],[-113.641,31.4812],[-113.6294,31.452],[-113.6358,31.4298],[-113.6218,31.405],[-113.6088,31.3599],[-113.6224,31.327],[-113.5672,31.3206],[-113.5369,31.296],[-113.3564,31.2655],[-113.2551,31.2405],[-113.2072,31.2405],[-113.1891,31.2228],[-113.1204,31.1917],[-113.1015,31.1894],[-113.0896,31.1557],[-113.0808,31.1479],[-113.0688,31.0946],[-113.059,31.0723],[-113.062,31.0334],[-113.0902,31.005],[-113.0994,30.986],[-113.0968,30.9513],[-113.1009,30.8919],[-113.1115,30.8437],[-113.1268,30.8105],[-113.1044,30.7563],[-113.0951,30.7093],[-113.0849,30.6798],[-113.0398,30.6072],[-112.9876,30.5361],[-112.9391,30.4994],[-112.8971,30.4583],[-112.8749,30.4303],[-112.8571,30.3953],[-112.8496,30.3687],[-112.8464,30.323],[-112.8477,30.271],[-112.8074,30.2568],[-112.7736,30.2223],[-112.7559,30.1868],[-112.7527,30.168],[-112.7537,30.1143],[-112.761,30.0602],[-112.7445,30.0361],[-112.7331,30.0006],[-112.7408,29.9664],[-112.7385,29.9428],[-112.7477,29.9161],[-112.7379,29.9043],[-112.7078,29.9106],[-112.6839,29.9043],[-112.6642,29.8896],[-112.6498,29.8538],[-112.6518,29.8358],[-112.6417,29.8189],[-112.6067,29.7794],[-112.5999,29.7539],[-112.5867,29.7391],[-112.5805,29.7115],[-112.5525,29.697],[-112.5265,29.6663],[-112.5225,29.6485],[-112.4775,29.5909],[-112.4609,29.5814],[-112.4294,29.5488],[-112.4289,29.5192],[-112.3931,29.5021],[-112.3787,29.4815],[-112.3807,29.4546],[-112.3916,29.4275],[-112.4186,29.3832],[-112.4097,29.3443],[-112.3805,29.3277],[-112.3408,29.3181],[-112.3056,29.3291],[-112.2767,29.3315],[-112.2412,29.3167],[-112.2109,29.26],[-112.209,29.2422],[-112.2186,29.2035],[-112.2299,29.181],[-112.1943,29.1694],[-112.1654,29.113],[-112.1826,29.0833],[-112.1706,29.0715],[-112.1679,29.0247],[-112.1535,29.0022],[-112.1572,28.9619],[-112.114,28.961],[-112.0957,28.9502],[-112.0809,28.9218],[-112.0477,28.8988],[-112.0282,28.8592],[-111.9862,28.8495],[-111.9506,28.8241],[-111.9186,28.8158],[-111.855,28.79],[-111.854,28.7601],[-111.8812,28.7466],[-111.9011,28.787],[-111.9215,28.7666],[-111.9505,28.7575],[-111.9254,28.7309],[-111.9245,28.7185],[-111.8839,28.6883],[-111.8644,28.6674],[-111.8017,28.6294],[-111.7756,28.6085],[-111.7531,28.5658],[-111.737,28.5214],[-111.7176,28.4983],[-111.71,28.4568],[-111.6516,28.4454],[-111.5819,28.4151],[-111.505,28.3926],[-111.4655,28.3692],[-111.4516,28.308],[-111.3876,28.2664],[-111.3857,28.2569],[-111.3684,28.2201],[-111.3364,28.1994],[-111.3286,28.1588],[-111.2936,28.1304],[-111.277,28.0809],[-111.2664,28.0778],[-111.2397,28.0503],[-111.2115,28.0415],[-111.1915,28.0229],[-111.1717,27.992],[-111.1354,27.9835],[-111.0976,27.9594],[-111.0937,27.9402],[-111.0772,27.936],[-111.0253,27.9625],[-110.9804,27.9559],[-110.97,27.9279],[-110.9489,27.9254],[-110.9475,27.9115],[-110.9634,27.8972],[-110.9325,27.8811],[-110.8839,27.8475],[-110.8588,27.8957],[-110.8654,27.9032],[-110.8951,27.8943],[-110.8907,27.9204],[-110.8621,27.9258],[-110.8545,27.9463],[-110.8277,27.9543],[-110.8106,27.922],[-110.7563,27.9144],[-110.7003,27.9003],[-110.6801,27.8898],[-110.659,27.8926],[-110.6306,27.8823],[-110.5914,27.8847],[-110.5588,27.8731],[-110.5195,27.843],[-110.5583,27.8335],[-110.5827,27.8398],[-110.5992,27.8128],[-110.6158,27.7983],[-110.6077,27.7324],[-110.601,27.7019],[-110.6203,27.648],[-110.6232,27.6186],[-110.6077,27.5658],[-110.5878,27.5165],[-110.5906,27.4562],[-110.5727,27.4507],[-110.5563,27.4143],[-110.5546,27.3937],[-110.5368,27.3976],[-110.5236,27.3774],[-110.5036,27.3871],[-110.4762,27.3694],[-110.4748,27.3463],[-110.482,27.3269],[-110.4568,27.2944],[-110.5208,27.2998],[-110.4358,27.2699],[-110.4138,27.2536],[-110.3369,27.1761],[-110.3158,27.1602],[-110.2804,27.1462],[-110.2172,27.1339],[-110.1212,27.113],[-110.0891,27.1025],[-110.0567,27.0808],[-110.016,27.0764],[-109.9672,27.0542],[-109.9417,27.018],[-109.9399,27.0093],[-109.947,26.9973],[-109.9168,26.9608],[-109.8903,26.9225],[-109.8849,26.9056],[-109.8725,26.8769],[-109.8557,26.8041],[-109.8358,26.7688],[-109.7857,26.7249],[-109.7734,26.71],[-109.6894,26.6772],[-109.6673,26.6733],[-109.6562,26.6914],[-109.6238,26.6955],[-109.5665,26.6903],[-109.5258,26.6816],[-109.5314,26.6972],[-109.5564,26.7195],[-109.5538,26.728],[-109.5183,26.7578],[-109.5074,26.7282],[-109.4843,26.7433],[-109.4715,26.7169],[-109.4421,26.7158],[-109.43,26.6731],[-109.3837,26.6356],[-109.3582,26.5992],[-109.3094,26.5646],[-109.286,26.5355],[-109.2635,26.4884],[-109.2542,26.4415],[-109.2534,26.3747],[-109.2613,26.3304],[-109.2583,26.3199],[-109.2476,26.316],[-109.2156,26.3345],[-109.1926,26.3404],[-109.1717,26.3116],[-109.1309,26.2974],[-109.1001,26.3129],[-109.0699,26.3573],[-109.0064,26.4024],[-108.9498,26.3922],[-108.9365,26.3902],[-108.9092,26.4166],[-108.8814,26.4063],[-108.8603,26.4328],[-108.8761,26.4476],[-108.8378,26.4769],[-108.8914,26.4899],[-108.8732,26.5511],[-108.8064,26.5706],[-108.7877,26.5653],[-108.7766,26.5801],[-108.7343,26.5936],[-108.7106,26.5871],[-108.6788,26.587],[-108.679,26.6429],[-108.6636,26.658],[-108.6577,26.6691],[-108.6304,26.6766],[-108.636,26.6905],[-108.6284,26.7184],[-108.601,26.7272],[-108.5942,26.7592],[-108.576,26.7778],[-108.5518,26.781],[-108.5369,26.7984],[-108.558,26.8192],[-108.5331,26.8444],[-108.5177,26.8815],[-108.467,26.9707],[-108.5025,26.9874],[-108.5518,26.9971],[-108.5722,27.0127],[-108.5625,27.046],[-108.6023,27.0369],[-108.6062,27.0636],[-108.597,27.0769],[-108.6007,27.119],[-108.6114,27.1541],[-108.6443,27.1788],[-108.6623,27.2182],[-108.6644,27.2394],[-108.6256,27.2892],[-108.591,27.3181],[-108.6291,27.3829],[-108.6334,27.4281],[-108.6616,27.4647],[-108.6558,27.4773],[-108.6524,27.537],[-108.6553,27.5438],[-108.7128,27.5662],[-108.723,27.5881],[-108.7399,27.6]],[[-110.8298,27.9683],[-110.8271,27.9553],[-110.8425,27.9545],[-110.8618,27.9709],[-110.8477,27.9839],[-110.8298,27.9683]]],[[[-112.5524,28.7291],[-112.5948,28.7319],[-112.6127,28.7246],[-112.6127,28.705],[-112.5982,28.6725],[-112.5724,28.6684],[-112.5525,28.6741],[-112.5423,28.7128],[-112.5524,28.7291]]],[[[-112.2875,29.2319],[-112.2993,29.224],[-112.361,29.2196],[-112.4,29.1894],[-112.4146,29.1857],[-112.4368,29.1999],[-112.4568,29.1946],[-112.4742,29.169],[-112.4792,29.138],[-112.4884,29.1283],[-112.4918,29.0877],[-112.5059,29.063],[-112.5021,29.0228],[-112.5062,29.0141],[-112.4868,28.9617],[-112.5057,28.9267],[-112.5232,28.9111],[-112.5799,28.8749],[-112.5549,28.8679],[-112.5471,28.8573],[-112.4721,28.8215],[-112.4671,28.8072],[-112.4024,28.7961],[-112.3824,28.7753],[-112.3282,28.7634],[-112.3095,28.747],[-112.2766,28.7693],[-112.2718,28.8241],[-112.2576,28.8428],[-112.2571,28.8576],[-112.2399,28.8708],[-112.2408,28.8928],[-112.2299,28.9034],[-112.216,28.9434],[-112.211,28.9943],[-112.1947,29.0065],[-112.1949,29.0212],[-112.2187,29.0538],[-112.2224,29.0696],[-112.2506,29.1143],[-112.2743,29.1372],[-112.269,29.1743],[-112.2719,29.1974],[-112.2895,29.2192],[-112.2875,29.2319]]],[[[-114.6363,31.7582],[-114.6665,31.758],[-114.6634,31.7446],[-114.6193,31.7285],[-114.5957,31.7473],[-114.6363,31.7582]]],[[[-110.5908,27.4083],[-110.5962,27.3989],[-110.6061,27.3468],[-110.5976,27.3127],[-110.5827,27.3036],[-110.5343,27.2883],[-110.5314,27.3019],[-110.5713,27.3116],[-110.5841,27.3473],[-110.6012,27.3622],[-110.5908,27.4083]]]]},"properties":{"cve":"26","municipio":"","estado":"Sonora","robos":3,"con_violencia":1,"indice":3.5,"nivel":1,"periodo":"ene-ago 2026","escala":"estatal"}},{"type":"Feature","geometry":{"type":"Polygon","coordinates":[[[-92.1399,17.8098],[-92.1205,17.796],[-92.1055,17.8129],[-92.1065,17.8381],[-92.0905,17.8566],[-92.0581,17.8467],[-92.0591,17.8713],[-92.0155,17.8975],[-92.0034,17.8905],[-91.9913,17.9196],[-91.9699,17.9104],[-91.945,17.9103],[-91.9394,17.9011],[-91.9568,17.8799],[-91.9526,17.8654],[-91.9281,17.8708],[-91.9255,17.8919],[-91.9125,17.8998],[-91.8912,17.887],[-91.8707,17.8908],[-91.8497,17.8829],[-91.8145,17.9005],[-91.798,17.8621],[-91.7819,17.8543],[-91.7924,17.8245],[-91.7882,17.8074],[-91.783,17.7776],[-91.7919,17.7508],[-91.8103,17.7513],[-91.8212,17.7318],[-91.784,17.7167],[-91.7679,17.7031],[-91.7539,17.7053],[-91.6585,17.6748],[-91.6619,17.6577],[-91.6528,17.6386],[-91.6622,17.6086],[-91.6386,17.58],[-91.6405,17.5565],[-91.6347,17.5332],[-91.6485,17.5181],[-91.6521,17.4938],[-91.6821,17.4695],[-91.6646,17.4612],[-91.672,17.4441],[-91.6373,17.43],[-91.6202,17.4317],[-91.6069,17.4169],[-91.5588,17.4005],[-91.5368,17.4074],[-91.505,17.3995],[-91.4565,17.3757],[-91.4393,17.3843],[-91.4198,17.3741],[-91.4175,17.3472],[-91.397,17.3379],[-91.385,17.3203],[-91.3925,17.2995],[-91.4136,17.3075],[-91.4252,17.3023],[-91.4272,17.2792],[-91.4397,17.251],[-91.2785,17.2517],[-90.9875,17.251],[-90.9878,17.4231],[-90.9884,17.5008],[-90.9876,17.8155],[-90.988,17.9625],[-91.1202,17.9634],[-91.1307,17.9823],[-91.1447,17.9752],[-91.1927,17.9782],[-91.2177,17.9751],[-91.2434,17.9902],[-91.2484,18.0047],[-91.2814,18.024],[-91.2967,18.0419],[-91.3229,18.0529],[-91.3283,18.0628],[-91.3594,18.0704],[-91.3831,18.0639],[-91.3966,18.0788],[-91.4383,18.0845],[-91.4453,18.0958],[-91.4865,18.1165],[-91.5039,18.1173],[-91.5165,18.1305],[-91.5159,18.1697],[-91.5345,18.1462],[-91.5528,18.1582],[-91.5801,18.1581],[-91.5722,18.142],[-91.5951,18.1226],[-91.611,18.095],[-91.609,18.0705],[-91.6196,18.0099],[-91.6158,17.9891],[-91.622,17.9426],[-91.6196,17.9192],[-91.6388,17.874],[-91.6719,17.8947],[-91.7387,17.9362],[-91.7605,17.9576],[-91.7712,17.9444],[-91.8046,17.9726],[-91.8672,17.9833],[-91.8881,18.0063],[-91.9097,18.0138],[-91.9354,18.0102],[-91.9667,18.016],[-91.9788,18.0428],[-91.9908,18.0387],[-92.0144,18.0526],[-92.0417,18.0981],[-92.0922,18.092],[-92.1083,18.0938],[-92.1274,18.1087],[-92.1283,18.1201],[-92.149,18.1367],[-92.1609,18.1554],[-92.1644,18.1979],[-92.1489,18.2104],[-92.1793,18.2687],[-92.1804,18.2898],[-92.1714,18.339],[-92.1774,18.3759],[-92.1761,18.4582],[-92.3082,18.4572],[-92.3316,18.4603],[-92.3487,18.4431],[-92.3655,18.4646],[-92.3882,18.4793],[-92.4141,18.4873],[-92.426,18.513],[-92.4239,18.5493],[-92.4284,18.5621],[-92.4657,18.6166],[-92.4688,18.651],[-92.5696,18.6248],[-92.6396,18.6133],[-92.6722,18.6114],[-92.6859,18.619],[-92.7277,18.5524],[-92.7638,18.514],[-92.8108,18.4783],[-92.8594,18.4553],[-92.9268,18.4376],[-92.9901,18.4323],[-93.0359,18.4319],[-93.0969,18.4429],[-93.182,18.441],[-93.2068,18.4325],[-93.2191,18.4415],[-93.3158,18.4382],[-93.4011,18.433],[-93.472,18.4208],[-93.5266,18.4082],[-93.6242,18.3797],[-93.8197,18.3124],[-93.8502,18.3006],[-93.9386,18.274],[-94.13,18.2129],[-94.1298,18.1987],[-94.1292,18.1751],[-94.1029,18.1734],[-94.094,18.1585],[-94.1011,18.1306],[-94.0831,18.0908],[-94.0972,18.0786],[-94.0744,18.0589],[-94.0836,18.0339],[-94.0642,18.0023],[-94.0711,17.9859],[-94.0902,17.9683],[-94.0913,17.9366],[-94.0798,17.8921],[-94.0834,17.8699],[-94.0649,17.8646],[-94.0388,17.8723],[-94.0298,17.8466],[-94.0078,17.8403],[-93.9785,17.8517],[-93.9639,17.8306],[-93.9531,17.7921],[-93.9561,17.7817],[-93.9384,17.7525],[-93.8774,17.7565],[-93.8705,17.7441],[-93.8759,17.7239],[-93.8342,17.7166],[-93.768,17.6873],[-93.7471,17.6684],[-93.7379,17.6319],[-93.7007,17.6106],[-93.6485,17.5553],[-93.6311,17.5567],[-93.6215,17.5447],[-93.6309,17.5104],[-93.6312,17.4869],[-93.6404,17.4588],[-93.6351,17.4512],[-93.654,17.4196],[-93.669,17.4202],[-93.6918,17.3905],[-93.6857,17.3724],[-93.6357,17.3384],[-93.6079,17.3149],[-93.5541,17.3882],[-93.5154,17.4403],[-93.5072,17.4664],[-93.514,17.4863],[-93.4816,17.552],[-93.4512,17.5476],[-93.444,17.5871],[-93.4163,17.598],[-93.4096,17.6193],[-93.385,17.6342],[-93.3848,17.6444],[-93.3563,17.648],[-93.3605,17.6651],[-93.3543,17.7127],[-93.3823,17.7499],[-93.3754,17.7668],[-93.3528,17.7637],[-93.3431,17.7875],[-93.3776,17.7932],[-93.3493,17.8149],[-93.3362,17.8452],[-93.3497,17.868],[-93.35,17.8826],[-93.336,17.905],[-93.3408,17.9236],[-93.3017,17.9363],[-93.2982,17.9474],[-93.2813,17.9815],[-93.2727,17.9813],[-93.2413,17.9505],[-93.2185,17.956],[-93.1885,17.9536],[-93.1831,17.9403],[-93.1489,17.9345],[-93.146,17.9199],[-93.1224,17.9068],[-93.105,17.9074],[-93.0914,17.8871],[-93.1236,17.8745],[-93.1318,17.8523],[-93.1156,17.8222],[-93.0941,17.8412],[-93.0431,17.8426],[-93.0254,17.8254],[-93.0129,17.7989],[-93.0335,17.7702],[-93.0426,17.7684],[-93.0572,17.7237],[-93.0379,17.6986],[-93.0418,17.6873],[-93.0452,17.6416],[-93.0405,17.6098],[-93.015,17.5915],[-93.0043,17.5761],[-93.0043,17.5552],[-92.9888,17.5503],[-92.9788,17.5125],[-92.9661,17.5113],[-92.9557,17.4887],[-92.9379,17.5026],[-92.9206,17.5027],[-92.8874,17.5105],[-92.8598,17.5003],[-92.8508,17.4696],[-92.8335,17.482],[-92.8196,17.4327],[-92.8294,17.4086],[-92.7911,17.415],[-92.7908,17.405],[-92.7673,17.3834],[-92.7707,17.3604],[-92.7536,17.3434],[-92.7356,17.3471],[-92.6777,17.38],[-92.6762,17.4116],[-92.6593,17.4446],[-92.6422,17.4633],[-92.6243,17.4659],[-92.5942,17.4924],[-92.597,17.5204],[-92.5714,17.5496],[-92.5631,17.5457],[-92.5301,17.55],[-92.5201,17.5719],[-92.4795,17.5749],[-92.4358,17.5702],[-92.4082,17.5806],[-92.3507,17.6179],[-92.3581,17.642],[-92.3492,17.6564],[-92.3499,17.7028],[-92.3373,17.7121],[-92.2887,17.7027],[-92.2746,17.6923],[-92.2307,17.7441],[-92.1945,17.7766],[-92.172,17.7866],[-92.1525,17.7791],[-92.1517,17.7646],[-92.1308,17.7661],[-92.1271,17.7859],[-92.1399,17.8098]]]},"properties":{"cve":"27","municipio":"","estado":"Tabasco","robos":34,"con_violencia":5,"indice":36.5,"nivel":2,"periodo":"ene-ago 2026","escala":"estatal"}},{"type":"Feature","geometry":{"type":"Polygon","coordinates":[[[-99.1674,26.5597],[-99.1782,26.6209],[-99.2,26.6558],[-99.2096,26.6936],[-99.2086,26.7244],[-99.2396,26.7453],[-99.2425,26.7873],[-99.262,26.8149],[-99.268,26.8426],[-99.2946,26.865],[-99.3171,26.8655],[-99.3288,26.8796],[-99.3242,26.9159],[-99.3785,26.9339],[-99.3938,26.9602],[-99.3871,26.982],[-99.4154,27.0174],[-99.4445,27.0193],[-99.4527,27.0641],[-99.4287,27.0916],[-99.4416,27.1046],[-99.4313,27.1231],[-99.44,27.1511],[-99.4263,27.1778],[-99.4331,27.2108],[-99.4454,27.2232],[-99.4416,27.25],[-99.4645,27.2683],[-99.4809,27.2598],[-99.4965,27.2713],[-99.4876,27.2942],[-99.4946,27.3038],[-99.5296,27.3057],[-99.5375,27.3179],[-99.506,27.3366],[-99.508,27.3527],[-99.493,27.3793],[-99.4878,27.413],[-99.4959,27.4404],[-99.4788,27.4795],[-99.5015,27.5001],[-99.5281,27.501],[-99.522,27.5443],[-99.5115,27.5661],[-99.528,27.5783],[-99.5413,27.6056],[-99.577,27.6175],[-99.6032,27.642],[-99.6374,27.6268],[-99.6663,27.6364],[-99.669,27.66],[-99.7104,27.6577],[-99.7281,27.6791],[-99.9264,27.5492],[-99.9192,27.4915],[-99.7604,27.437],[-99.7586,27.3896],[-99.7488,27.289],[-99.7477,27.2772],[-99.6789,27.1024],[-99.6589,27.0882],[-99.6501,27.0659],[-99.7342,26.9206],[-99.7701,26.9284],[-99.7667,26.8898],[-99.7396,26.9075],[-99.6916,26.9086],[-99.6789,26.8958],[-99.6628,26.9008],[-99.6454,26.886],[-99.6252,26.8828],[-99.5899,26.8612],[-99.5809,26.8293],[-99.6035,26.8081],[-99.6226,26.7669],[-99.6161,26.7544],[-99.6181,26.7283],[-99.6511,26.7014],[-99.663,26.6842],[-99.6592,26.6704],[-99.5383,26.6646],[-99.3968,26.5966],[-99.4004,26.5501],[-99.4098,26.4428],[-99.4157,26.4382],[-99.4309,26.3513],[-99.4097,26.317],[-99.4012,26.3048],[-99.3642,26.3293],[-99.3337,26.3064],[-99.26,26.2528],[-99.1978,26.2585],[-99.167,26.0755],[-99.1605,26.0616],[-99.129,26.0534],[-99.1103,26.0783],[-99.0901,26.0698],[-99.0625,26.0801],[-99.0621,26.091],[-99.0239,26.1041],[-98.9008,25.9683],[-98.8459,26.0245],[-98.8232,26.0476],[-98.7364,26.0368],[-98.5851,26.0179],[-98.5814,25.706],[-98.5804,25.6373],[-98.5818,25.4894],[-98.4333,25.4894],[-98.4216,25.4894],[-98.4231,25.4475],[-98.4984,25.3937],[-98.6939,25.2512],[-98.8638,25.1271],[-98.9342,25.0728],[-98.9688,25.0705],[-99.0222,25.0736],[-99.036,25.1203],[-99.0669,25.1168],[-99.0789,25.0789],[-99.0974,25.0632],[-99.1379,25.0507],[-99.1573,25.0565],[-99.1669,25.0466],[-99.1649,25.0295],[-99.1799,25.0054],[-99.1589,24.916],[-99.2049,24.8642],[-99.2074,24.8614],[-99.1887,24.7807],[-99.2129,24.7717],[-99.2949,24.8041],[-99.3372,24.7742],[-99.3642,24.7718],[-99.3891,24.7399],[-99.4049,24.7351],[-99.4505,24.731],[-99.4823,24.708],[-99.5,24.6811],[-99.496,24.6509],[-99.5128,24.6345],[-99.5443,24.6269],[-99.5494,24.6117],[-99.579,24.6223],[-99.6094,24.6225],[-99.7047,24.5759],[-99.733,24.554],[-99.7198,24.4837],[-99.6364,24.5067],[-99.6173,24.464],[-99.5899,24.3961],[-99.5893,24.3508],[-99.5943,24.3309],[-99.6202,24.2784],[-99.6493,24.207],[-99.6571,24.118],[-99.5709,24.0394],[-99.5419,24.0336],[-99.5409,23.9973],[-99.52,23.9906],[-99.4869,23.9605],[-99.4569,23.8661],[-99.4674,23.8695],[-99.4938,23.8787],[-99.5767,23.7755],[-99.6195,23.7597],[-99.6599,23.7707],[-99.6834,23.7766],[-99.769,23.7845],[-99.8055,23.7843],[-99.8607,23.7745],[-99.8828,23.7236],[-99.9158,23.6651],[-99.9612,23.5569],[-99.9477,23.4972],[-99.9213,23.3792],[-99.9825,23.3924],[-100.0803,23.3957],[-100.1207,23.3578],[-100.145,23.3395],[-100.078,23.306],[-100.1038,23.2315],[-100.1183,23.2005],[-100.119,23.1524],[-100.1156,23.126],[-100.0687,23.1212],[-100.0694,23.0969],[-100.0116,23.0656],[-100.0449,23.0519],[-100.0669,23.0314],[-100.0618,23.012],[-100.0742,22.9967],[-100.0995,23.0079],[-100.0894,22.9688],[-100.1108,22.9757],[-100.1104,22.9167],[-100.0442,22.9179],[-100.0294,22.8244],[-100.0975,22.7658],[-100.0941,22.7513],[-100.0223,22.7259],[-99.9591,22.75],[-99.8832,22.7482],[-99.8428,22.7306],[-99.8479,22.6784],[-99.8055,22.6578],[-99.785,22.6685],[-99.7548,22.6566],[-99.7241,22.6596],[-99.6825,22.6811],[-99.5606,22.6412],[-99.5347,22.6128],[-99.5137,22.6151],[-99.4945,22.6209],[-99.5153,22.6647],[-99.5392,22.7291],[-99.5443,22.7441],[-99.4968,22.7485],[-99.4771,22.7406],[-99.4421,22.6636],[-99.4199,22.662],[-99.3857,22.67],[-99.3732,22.6291],[-99.3296,22.6349],[-99.3055,22.5886],[-99.2887,22.5558],[-99.2724,22.5133],[-99.2631,22.4698],[-99.2323,22.4126],[-99.1146,22.4067],[-99.0607,22.4153],[-98.932,22.3928],[-98.9255,22.3717],[-98.9188,22.3714],[-98.91,22.3717],[-98.89,22.3551],[-98.8723,22.3674],[-98.8537,22.3682],[-98.8168,22.3574],[-98.7517,22.369],[-98.7482,22.379],[-98.6939,22.4042],[-98.6709,22.4057],[-98.6361,22.4137],[-98.5895,22.3947],[-98.5461,22.4002],[-98.4906,22.4275],[-98.4688,22.4289],[-98.461,22.4122],[-98.4437,22.4313],[-98.4325,22.4129],[-98.4095,22.3999],[-98.3833,22.4203],[-98.3878,22.3893],[-98.3541,22.3896],[-98.3277,22.3987],[-98.3132,22.411],[-98.3268,22.4291],[-98.3119,22.4474],[-98.3193,22.4652],[-98.2917,22.4678],[-98.2776,22.4489],[-98.2555,22.4553],[-98.252,22.4692],[-98.2297,22.4621],[-98.2088,22.4648],[-98.1891,22.44],[-98.189,22.4253],[-98.166,22.4111],[-98.1516,22.4129],[-98.112,22.3938],[-98.1119,22.3782],[-98.0847,22.3687],[-98.0771,22.3516],[-98.0285,22.3584],[-97.9704,22.3329],[-97.9869,22.3016],[-97.9567,22.2939],[-97.9312,22.2696],[-97.9342,22.2542],[-97.9172,22.248],[-97.895,22.2224],[-97.8513,22.2075],[-97.8377,22.2124],[-97.8364,22.2301],[-97.8116,22.2518],[-97.7846,22.2624],[-97.8089,22.3013],[-97.8196,22.3258],[-97.8288,22.3508],[-97.8544,22.4405],[-97.8587,22.4672],[-97.8566,22.5099],[-97.8595,22.549],[-97.8531,22.6248],[-97.845,22.6603],[-97.7889,22.7903],[-97.776,22.8404],[-97.7658,22.8956],[-97.7608,22.9973],[-97.7613,23.0622],[-97.769,23.2723],[-97.7685,23.3777],[-97.7555,23.5356],[-97.7408,23.6851],[-97.7359,23.7962],[-97.7374,23.9429],[-97.7312,24.0391],[-97.7193,24.1865],[-97.7061,24.3206],[-97.6869,24.4506],[-97.6807,24.4788],[-97.6538,24.6005],[-97.6198,24.725],[-97.5727,24.8857],[-97.5387,24.9854],[-97.517,25.0409],[-97.4787,25.131],[-97.4339,25.2239],[-97.3846,25.3166],[-97.3375,25.3998],[-97.2746,25.5028],[-97.2025,25.6282],[-97.1798,25.6862],[-97.1643,25.7456],[-97.1501,25.836],[-97.145,25.8862],[-97.146,25.9523],[-97.1732,25.9648],[-97.1886,25.9537],[-97.2266,25.9593],[-97.2464,25.9482],[-97.2893,25.954],[-97.3247,25.9181],[-97.3523,25.9223],[-97.3691,25.9151],[-97.3594,25.8727],[-97.3731,25.8398],[-97.4268,25.8413],[-97.4481,25.8596],[-97.4547,25.8806],[-97.4975,25.8803],[-97.5213,25.8863],[-97.5285,25.9068],[-97.5452,25.9244],[-97.5798,25.9441],[-97.5816,25.9615],[-97.6021,25.9574],[-97.6228,25.9896],[-97.6674,26.0245],[-97.7094,26.0332],[-97.7353,26.0284],[-97.7625,26.0405],[-97.7818,26.0338],[-97.8113,26.0553],[-97.8515,26.052],[-97.8768,26.0646],[-97.9022,26.0609],[-97.9083,26.0575],[-97.9563,26.0606],[-97.9651,26.0517],[-98.0026,26.0649],[-98.0328,26.0625],[-98.0387,26.0414],[-98.0703,26.0476],[-98.0763,26.0676],[-98.0936,26.0586],[-98.1046,26.0677],[-98.1557,26.0562],[-98.1723,26.0716],[-98.1975,26.0546],[-98.219,26.0759],[-98.2514,26.0785],[-98.2873,26.1067],[-98.3213,26.1183],[-98.3477,26.1638],[-98.3845,26.1568],[-98.43,26.1943],[-98.4415,26.1982],[-98.4425,26.2232],[-98.4616,26.226],[-98.5015,26.209],[-98.5231,26.2205],[-98.5483,26.234],[-98.5648,26.2278],[-98.5801,26.2354],[-98.5857,26.2577],[-98.669,26.2362],[-98.6796,26.2484],[-98.6803,26.2622],[-98.7189,26.2718],[-98.7215,26.2949],[-98.7481,26.3202],[-98.7514,26.3316],[-98.7879,26.33],[-98.7981,26.359],[-98.8209,26.3712],[-98.842,26.3588],[-98.8608,26.3662],[-98.8893,26.357],[-98.9034,26.3721],[-98.9479,26.3707],[-98.9555,26.3953],[-98.9744,26.4013],[-98.9869,26.392],[-99.0128,26.3931],[-99.0303,26.4122],[-99.0618,26.3977],[-99.0815,26.3966],[-99.0964,26.4123],[-99.111,26.4265],[-99.0916,26.4761],[-99.1062,26.5021],[-99.1284,26.5258],[-99.1534,26.5306],[-99.1715,26.5432],[-99.1674,26.5597]]]},"properties":{"cve":"28","municipio":"","estado":"Tamaulipas","robos":2,"con_violencia":1,"indice":2.5,"nivel":1,"periodo":"ene-ago 2026","escala":"estatal"}},{"type":"Feature","geometry":{"type":"Polygon","coordinates":[[[-97.6642,19.3651],[-97.6791,19.3848],[-97.704,19.393],[-97.7245,19.4316],[-97.7473,19.4363],[-97.7548,19.4575],[-97.774,19.4692],[-97.7969,19.4724],[-97.7945,19.4984],[-97.8147,19.4825],[-97.8623,19.4562],[-97.8474,19.474],[-97.8582,19.4931],[-97.8897,19.5046],[-97.8695,19.5423],[-97.8815,19.5717],[-97.9079,19.5794],[-97.9142,19.5921],[-97.9467,19.5856],[-97.9556,19.6031],[-97.9799,19.6282],[-98.0422,19.6402],[-98.036,19.6651],[-98.0401,19.6996],[-98.056,19.7259],[-98.0688,19.7034],[-98.0828,19.7008],[-98.0988,19.6697],[-98.1104,19.6858],[-98.1437,19.6836],[-98.1597,19.6694],[-98.1905,19.6763],[-98.2408,19.6759],[-98.2524,19.6931],[-98.2553,19.7188],[-98.2725,19.7247],[-98.3317,19.7223],[-98.3238,19.6853],[-98.367,19.6282],[-98.3817,19.6094],[-98.4096,19.6167],[-98.4665,19.6137],[-98.4916,19.6074],[-98.5198,19.6031],[-98.5356,19.6344],[-98.5469,19.6215],[-98.5664,19.6403],[-98.5795,19.6377],[-98.609,19.6024],[-98.638,19.5988],[-98.6656,19.6062],[-98.6814,19.5983],[-98.6815,19.5879],[-98.706,19.5593],[-98.7,19.5313],[-98.6819,19.518],[-98.6757,19.4995],[-98.6604,19.4855],[-98.6532,19.466],[-98.6341,19.4678],[-98.6294,19.457],[-98.5913,19.4492],[-98.5703,19.4668],[-98.5415,19.4608],[-98.5232,19.4609],[-98.5083,19.4269],[-98.4872,19.3922],[-98.487,19.3896],[-98.4703,19.3608],[-98.4549,19.3455],[-98.4421,19.3276],[-98.4077,19.3159],[-98.4103,19.2917],[-98.378,19.2546],[-98.3689,19.2261],[-98.3519,19.219],[-98.3398,19.1861],[-98.3238,19.1688],[-98.3122,19.1904],[-98.3063,19.1888],[-98.2879,19.1741],[-98.2622,19.1608],[-98.2367,19.1573],[-98.2246,19.1381],[-98.2245,19.1379],[-98.1882,19.1355],[-98.1971,19.1275],[-98.1662,19.1051],[-98.1194,19.1353],[-98.1003,19.1634],[-98.0696,19.1852],[-98.0593,19.2012],[-98.0415,19.2102],[-98.0317,19.2309],[-97.992,19.1958],[-97.979,19.1926],[-97.9282,19.1642],[-97.9151,19.1733],[-97.8898,19.187],[-97.8906,19.202],[-97.851,19.2229],[-97.8651,19.2539],[-97.8703,19.2706],[-97.8597,19.2872],[-97.8384,19.2873],[-97.8209,19.3047],[-97.8005,19.3016],[-97.7714,19.2838],[-97.7451,19.3053],[-97.7293,19.2931],[-97.7196,19.3048],[-97.6909,19.2859],[-97.6461,19.3064],[-97.6257,19.3314],[-97.6387,19.3383],[-97.6314,19.3554],[-97.6642,19.3651]]]},"properties":{"cve":"29","municipio":"","estado":"Tlaxcala","robos":23,"con_violencia":23,"indice":34.5,"nivel":2,"periodo":"ene-ago 2026","escala":"estatal"}},{"type":"Feature","geometry":{"type":"Polygon","coordinates":[[[-96.0839,18.1618],[-96.0664,18.1316],[-96.0411,18.1385],[-96.0277,18.1334],[-95.9906,18.1512],[-95.9793,18.1467],[-95.9525,18.1598],[-95.934,18.1452],[-95.9125,18.1506],[-95.9027,18.1357],[-95.8515,18.1308],[-95.8332,18.129],[-95.8242,18.081],[-95.8,17.9498],[-95.8485,17.8481],[-95.8589,17.8445],[-95.8492,17.8276],[-95.8549,17.8071],[-95.8668,17.7996],[-95.8672,17.7732],[-95.8911,17.7668],[-95.9011,17.7287],[-95.8953,17.7045],[-95.871,17.7022],[-95.8675,17.6848],[-95.8438,17.6727],[-95.8312,17.653],[-95.808,17.6468],[-95.8033,17.6294],[-95.7856,17.6334],[-95.7734,17.6238],[-95.7697,17.5881],[-95.7501,17.5863],[-95.7296,17.5715],[-95.7212,17.5369],[-95.7088,17.5319],[-95.6488,17.5396],[-95.6377,17.5488],[-95.5996,17.5362],[-95.5726,17.5486],[-95.5254,17.5613],[-95.5301,17.571],[-95.514,17.5855],[-95.4832,17.6012],[-95.4769,17.5884],[-95.438,17.6317],[-95.3876,17.6633],[-95.3512,17.6782],[-95.3336,17.6756],[-95.3102,17.7074],[-95.2912,17.7163],[-95.265,17.718],[-95.2603,17.7301],[-95.2389,17.7393],[-95.1815,17.6858],[-95.1924,17.6549],[-95.2091,17.6525],[-95.2184,17.6393],[-95.253,17.6334],[-95.2713,17.6247],[-95.2675,17.6035],[-95.2532,17.6015],[-95.2046,17.5387],[-95.1221,17.432],[-95.0766,17.3729],[-94.9712,17.331],[-94.9458,17.3141],[-94.9289,17.3247],[-94.8908,17.3111],[-94.8896,17.2998],[-94.9148,17.2926],[-94.9097,17.268],[-94.8954,17.2564],[-94.9228,17.1938],[-94.8236,17.1888],[-94.7436,17.1847],[-94.4834,17.171],[-94.0875,17.1494],[-93.8674,17.137],[-93.8609,17.1637],[-93.8271,17.1725],[-93.8267,17.1893],[-93.8038,17.2249],[-93.7725,17.2458],[-93.7636,17.2394],[-93.7368,17.2475],[-93.6957,17.2472],[-93.6899,17.2553],[-93.6627,17.2563],[-93.6644,17.2862],[-93.6381,17.2909],[-93.6079,17.3149],[-93.6357,17.3384],[-93.6857,17.3724],[-93.6918,17.3905],[-93.669,17.4202],[-93.654,17.4196],[-93.6351,17.4512],[-93.6404,17.4588],[-93.6312,17.4869],[-93.6309,17.5104],[-93.6215,17.5447],[-93.6311,17.5567],[-93.6485,17.5553],[-93.7007,17.6106],[-93.7379,17.6319],[-93.7471,17.6684],[-93.768,17.6873],[-93.8342,17.7166],[-93.8759,17.7239],[-93.8705,17.7441],[-93.8774,17.7565],[-93.9384,17.7525],[-93.9561,17.7817],[-93.9531,17.7921],[-93.9639,17.8306],[-93.9785,17.8517],[-94.0078,17.8403],[-94.0298,17.8466],[-94.0388,17.8723],[-94.0649,17.8646],[-94.0834,17.8699],[-94.0798,17.8921],[-94.0913,17.9366],[-94.0902,17.9683],[-94.0711,17.9859],[-94.0642,18.0023],[-94.0836,18.0339],[-94.0744,18.0589],[-94.0972,18.0786],[-94.0831,18.0908],[-94.1011,18.1306],[-94.094,18.1585],[-94.1029,18.1734],[-94.1292,18.1751],[-94.1298,18.1987],[-94.13,18.2129],[-94.2401,18.188],[-94.3542,18.1641],[-94.4074,18.1597],[-94.457,18.1515],[-94.5074,18.1533],[-94.5634,18.1711],[-94.5972,18.1935],[-94.6076,18.2049],[-94.6244,18.2535],[-94.6234,18.2874],[-94.6556,18.31],[-94.6662,18.3371],[-94.6825,18.35],[-94.7375,18.3952],[-94.7438,18.4217],[-94.7737,18.4492],[-94.7741,18.4627],[-94.7891,18.5077],[-94.8166,18.5386],[-94.835,18.5433],[-94.8986,18.5488],[-94.9511,18.5505],[-95.0112,18.5636],[-95.044,18.5778],[-95.0495,18.5998],[-95.0811,18.6322],[-95.0795,18.6419],[-95.1216,18.6525],[-95.1302,18.6722],[-95.1664,18.6869],[-95.1819,18.7067],[-95.2131,18.7032],[-95.2632,18.7057],[-95.2873,18.7152],[-95.3927,18.7105],[-95.4371,18.7109],[-95.5253,18.7148],[-95.5694,18.7192],[-95.6241,18.7298],[-95.67,18.7445],[-95.7202,18.7688],[-95.7409,18.7869],[-95.7834,18.8],[-95.8623,18.8325],[-95.9008,18.8594],[-95.9408,18.9051],[-95.9413,18.9254],[-95.9605,18.9653],[-95.9698,19.0502],[-95.9785,19.0623],[-96.017,19.0561],[-96.0626,19.0655],[-96.0879,19.0824],[-96.0985,19.1023],[-96.1053,19.1259],[-96.0927,19.1515],[-96.1183,19.1717],[-96.1326,19.218],[-96.165,19.2194],[-96.1716,19.2469],[-96.2216,19.2654],[-96.2724,19.2985],[-96.2936,19.3213],[-96.3108,19.3585],[-96.3064,19.3721],[-96.3217,19.4143],[-96.3197,19.4507],[-96.3091,19.4614],[-96.3145,19.4823],[-96.3301,19.4975],[-96.3606,19.5369],[-96.3756,19.5664],[-96.3739,19.6083],[-96.3964,19.6478],[-96.395,19.6771],[-96.4069,19.7051],[-96.401,19.7235],[-96.447,19.8302],[-96.4472,19.8444],[-96.4766,19.8716],[-96.5263,19.9248],[-96.561,19.9665],[-96.5787,20.0079],[-96.7055,20.1569],[-96.7174,20.1732],[-96.7713,20.2247],[-96.7845,20.2435],[-96.9091,20.3662],[-96.9504,20.4112],[-96.9857,20.4638],[-97.0575,20.5237],[-97.1316,20.5998],[-97.1651,20.6415],[-97.1807,20.6707],[-97.1949,20.7037],[-97.1938,20.738],[-97.2052,20.7761],[-97.2181,20.7959],[-97.228,20.8295],[-97.2559,20.8691],[-97.2971,20.9464],[-97.3059,20.972],[-97.3276,21.0088],[-97.365,21.0976],[-97.3918,21.1483],[-97.4122,21.2007],[-97.4224,21.2491],[-97.4204,21.2939],[-97.4112,21.3363],[-97.3785,21.3934],[-97.3542,21.4477],[-97.3294,21.521],[-97.3302,21.5584],[-97.3436,21.5877],[-97.4,21.6263],[-97.4522,21.6676],[-97.4801,21.696],[-97.5219,21.7294],[-97.5643,21.7708],[-97.6161,21.8349],[-97.6947,21.9513],[-97.7309,22.0153],[-97.7546,22.0685],[-97.7852,22.1663],[-97.7928,22.212],[-97.7927,22.2575],[-97.7846,22.2624],[-97.8116,22.2518],[-97.8364,22.2301],[-97.8377,22.2124],[-97.8513,22.2075],[-97.895,22.2224],[-97.9172,22.248],[-97.9342,22.2542],[-97.9312,22.2696],[-97.9567,22.2939],[-97.9869,22.3016],[-97.9704,22.3329],[-98.0285,22.3584],[-98.0771,22.3516],[-98.0847,22.3687],[-98.1119,22.3782],[-98.112,22.3938],[-98.1516,22.4129],[-98.166,22.4111],[-98.189,22.4253],[-98.1891,22.44],[-98.2088,22.4648],[-98.2297,22.4621],[-98.252,22.4692],[-98.2555,22.4553],[-98.2776,22.4489],[-98.2917,22.4678],[-98.3193,22.4652],[-98.3119,22.4474],[-98.3268,22.4291],[-98.3132,22.411],[-98.3277,22.3987],[-98.3541,22.3896],[-98.3878,22.3893],[-98.3833,22.4203],[-98.4095,22.3999],[-98.4325,22.4129],[-98.4437,22.4313],[-98.461,22.4122],[-98.4688,22.4289],[-98.4906,22.4275],[-98.5461,22.4002],[-98.5895,22.3947],[-98.6361,22.4137],[-98.6709,22.4057],[-98.6815,22.3716],[-98.5829,22.3731],[-98.5793,22.3486],[-98.5548,22.338],[-98.5352,22.3379],[-98.5256,22.3188],[-98.5061,22.316],[-98.496,22.3037],[-98.467,22.2958],[-98.4467,22.3056],[-98.4279,22.2838],[-98.408,22.2841],[-98.4051,22.2561],[-98.3681,22.2554],[-98.3696,22.2381],[-98.326,22.2431],[-98.3446,22.2221],[-98.3352,22.21],[-98.3365,22.1877],[-98.3553,22.1803],[-98.4167,22.1412],[-98.4382,22.1148],[-98.4195,22.1009],[-98.4332,22.0887],[-98.4464,22.0422],[-98.4435,22.033],[-98.4636,21.991],[-98.482,21.983],[-98.4686,21.9662],[-98.4951,21.9611],[-98.5204,21.9789],[-98.552,21.9609],[-98.5622,21.9676],[-98.579,21.9599],[-98.5736,21.943],[-98.5533,21.9334],[-98.5291,21.9506],[-98.5123,21.9495],[-98.4988,21.9274],[-98.5311,21.9344],[-98.5466,21.9193],[-98.5347,21.9064],[-98.5448,21.8899],[-98.5275,21.8614],[-98.5185,21.8314],[-98.5093,21.8244],[-98.4882,21.8376],[-98.4935,21.8162],[-98.4775,21.8153],[-98.4617,21.7901],[-98.4547,21.7667],[-98.4807,21.7592],[-98.476,21.7466],[-98.5127,21.7266],[-98.5329,21.6976],[-98.5429,21.7228],[-98.5671,21.7176],[-98.5583,21.6877],[-98.5755,21.6745],[-98.597,21.6687],[-98.6192,21.6713],[-98.6332,21.6539],[-98.6359,21.6264],[-98.6211,21.6278],[-98.6182,21.5788],[-98.6001,21.5544],[-98.602,21.5434],[-98.5323,21.5011],[-98.5359,21.4939],[-98.5169,21.4607],[-98.5224,21.437],[-98.5209,21.4041],[-98.5043,21.3894],[-98.4798,21.3966],[-98.4674,21.3786],[-98.4656,21.3471],[-98.4852,21.3501],[-98.4978,21.3279],[-98.5412,21.2695],[-98.5165,21.2443],[-98.477,21.2524],[-98.4535,21.211],[-98.4464,21.1797],[-98.424,21.1673],[-98.4164,21.155],[-98.365,21.1617],[-98.3407,21.1698],[-98.3094,21.185],[-98.2962,21.188],[-98.2781,21.1745],[-98.2955,21.1483],[-98.2822,21.1364],[-98.2647,21.1412],[-98.2491,21.1294],[-98.2273,21.1504],[-98.2081,21.143],[-98.206,21.1268],[-98.1876,21.1108],[-98.1491,21.083],[-98.1557,21.0334],[-98.1726,21.0208],[-98.1909,21.0264],[-98.215,20.9896],[-98.2098,20.9707],[-98.2257,20.9594],[-98.2373,20.931],[-98.2249,20.9066],[-98.251,20.8973],[-98.2608,20.8715],[-98.2623,20.8469],[-98.2538,20.8228],[-98.2269,20.8162],[-98.248,20.7894],[-98.292,20.7855],[-98.3078,20.801],[-98.326,20.7842],[-98.3435,20.7979],[-98.3148,20.8098],[-98.3272,20.828],[-98.3529,20.836],[-98.3451,20.8649],[-98.3819,20.8535],[-98.3982,20.8587],[-98.4251,20.8496],[-98.4437,20.8343],[-98.4496,20.8061],[-98.4643,20.7719],[-98.456,20.7556],[-98.4756,20.7392],[-98.5128,20.7332],[-98.532,20.7133],[-98.5291,20.704],[-98.5502,20.6894],[-98.5361,20.6634],[-98.5251,20.6818],[-98.4972,20.6999],[-98.4665,20.7103],[-98.4255,20.7489],[-98.4292,20.7164],[-98.4599,20.6962],[-98.4674,20.6661],[-98.4948,20.6443],[-98.4785,20.5943],[-98.5059,20.5962],[-98.5211,20.5844],[-98.5245,20.5484],[-98.5347,20.5307],[-98.5581,20.5109],[-98.5841,20.5044],[-98.595,20.4911],[-98.5537,20.4464],[-98.5504,20.4325],[-98.5502,20.3957],[-98.5431,20.3756],[-98.5474,20.3612],[-98.5345,20.347],[-98.5059,20.3354],[-98.4696,20.3351],[-98.4585,20.3337],[-98.4183,20.38],[-98.3862,20.4027],[-98.3553,20.4018],[-98.321,20.418],[-98.3173,20.4288],[-98.3157,20.4457],[-98.2774,20.4727],[-98.2637,20.4914],[-98.2399,20.5014],[-98.2287,20.5208],[-98.2121,20.5285],[-98.1725,20.5301],[-98.1496,20.5628],[-98.108,20.6121],[-98.1112,20.6162],[-98.1005,20.614],[-98.0875,20.6225],[-98.0668,20.6739],[-98.04,20.6319],[-98.021,20.6268],[-98.0177,20.6017],[-98.0287,20.5897],[-98.0042,20.5249],[-97.985,20.517],[-97.9808,20.5407],[-97.9273,20.5719],[-97.9095,20.5878],[-97.8952,20.6225],[-97.9068,20.6436],[-97.9133,20.672],[-97.9144,20.6872],[-97.8974,20.7032],[-97.9224,20.7165],[-97.8948,20.7978],[-97.8791,20.8343],[-97.8558,20.8332],[-97.8499,20.8191],[-97.8303,20.808],[-97.8074,20.8215],[-97.7904,20.8168],[-97.7709,20.8261],[-97.7503,20.8148],[-97.7199,20.7768],[-97.727,20.7432],[-97.749,20.733],[-97.7515,20.7016],[-97.7395,20.6872],[-97.7406,20.6601],[-97.726,20.6367],[-97.7048,20.6296],[-97.7105,20.6087],[-97.697,20.5968],[-97.7012,20.5742],[-97.6856,20.5729],[-97.6755,20.555],[-97.6101,20.5639],[-97.59,20.5561],[-97.5418,20.4885],[-97.576,20.4909],[-97.5861,20.4729],[-97.6407,20.4423],[-97.6376,20.4179],[-97.6466,20.4087],[-97.6726,20.4181],[-97.6991,20.4346],[-97.7088,20.4548],[-97.7338,20.4521],[-97.7485,20.4217],[-97.7654,20.3811],[-97.7482,20.3785],[-97.7429,20.3518],[-97.7127,20.329],[-97.6901,20.3336],[-97.6768,20.3069],[-97.707,20.2992],[-97.7084,20.2853],[-97.7409,20.2746],[-97.7572,20.2792],[-97.7512,20.2601],[-97.7365,20.2441],[-97.7308,20.2048],[-97.7414,20.1931],[-97.6987,20.1824],[-97.6896,20.1668],[-97.6587,20.1686],[-97.6354,20.1825],[-97.622,20.1744],[-97.6213,20.1721],[-97.605,20.1578],[-97.6027,20.1193],[-97.5957,20.0969],[-97.586,20.0793],[-97.5699,20.0821],[-97.5569,20.1074],[-97.5445,20.1039],[-97.4947,20.1378],[-97.5035,20.1486],[-97.4874,20.1654],[-97.4625,20.1852],[-97.465,20.2212],[-97.4453,20.2462],[-97.4251,20.244],[-97.4064,20.2326],[-97.3793,20.2496],[-97.3781,20.2262],[-97.3639,20.2161],[-97.3155,20.2006],[-97.2868,20.1912],[-97.2636,20.1781],[-97.2443,20.1812],[-97.2285,20.1726],[-97.1644,20.1518],[-97.15,20.1606],[-97.1567,20.1469],[-97.1406,20.1198],[-97.1539,20.1129],[-97.1836,20.08],[-97.1855,20.0623],[-97.2062,20.0564],[-97.2107,20.0412],[-97.2072,20.0145],[-97.2246,20.0094],[-97.24,19.9873],[-97.261,19.9764],[-97.2688,19.9463],[-97.2558,19.9325],[-97.281,19.9123],[-97.3019,19.8767],[-97.3082,19.8344],[-97.3156,19.8249],[-97.3131,19.7915],[-97.3197,19.7739],[-97.3152,19.73],[-97.3331,19.7168],[-97.3074,19.6845],[-97.3429,19.6686],[-97.3804,19.634],[-97.4027,19.6153],[-97.4199,19.6241],[-97.4341,19.5884],[-97.4249,19.5436],[-97.4055,19.5255],[-97.3949,19.4924],[-97.3707,19.495],[-97.3483,19.4846],[-97.3469,19.451],[-97.3573,19.4324],[-97.3901,19.4286],[-97.3941,19.4073],[-97.3717,19.4031],[-97.3604,19.376],[-97.3378,19.3925],[-97.2818,19.3873],[-97.2667,19.3825],[-97.2109,19.358],[-97.2062,19.327],[-97.2156,19.3231],[-97.2106,19.317],[-97.1667,19.3291],[-97.1485,19.3203],[-97.1479,19.3202],[-97.1296,19.3092],[-97.098,19.3041],[-97.0679,19.3214],[-97.0466,19.3198],[-97.031,19.2973],[-97.0035,19.2964],[-96.9914,19.2858],[-96.9857,19.28],[-97.0053,19.2495],[-97.0012,19.2365],[-97.0296,19.218],[-97.056,19.198],[-97.0413,19.1739],[-97.0381,19.1343],[-97.0529,19.1323],[-97.0751,19.1579],[-97.109,19.1677],[-97.1442,19.1639],[-97.1704,19.1639],[-97.1946,19.1718],[-97.2081,19.16],[-97.2154,19.1385],[-97.2387,19.1088],[-97.2602,19.0986],[-97.2695,19.0639],[-97.2666,19.0303],[-97.2672,19.0298],[-97.2689,19.0283],[-97.2789,18.9967],[-97.2613,18.9813],[-97.255,18.9438],[-97.2472,18.9189],[-97.2458,18.8933],[-97.2744,18.8881],[-97.2984,18.8605],[-97.3245,18.8304],[-97.3258,18.813],[-97.3263,18.8116],[-97.352,18.7929],[-97.3308,18.7639],[-97.3397,18.759],[-97.349,18.7161],[-97.344,18.6858],[-97.3227,18.6642],[-97.3032,18.6743],[-97.2821,18.6522],[-97.2736,18.6331],[-97.2594,18.6243],[-97.2354,18.6436],[-97.2266,18.6388],[-97.2136,18.6252],[-97.1984,18.6297],[-97.1744,18.6067],[-97.1424,18.5933],[-97.1446,18.5709],[-97.1137,18.5314],[-97.1127,18.5213],[-97.0835,18.4839],[-97.0811,18.4638],[-97.052,18.4857],[-97.0464,18.4996],[-96.9989,18.5319],[-96.9962,18.5285],[-96.953,18.5539],[-96.9259,18.5349],[-96.8993,18.5486],[-96.8735,18.5232],[-96.8663,18.5259],[-96.8653,18.5158],[-96.8424,18.4934],[-96.8245,18.4988],[-96.8134,18.5176],[-96.797,18.5119],[-96.781,18.4291],[-96.7591,18.4083],[-96.7285,18.4091],[-96.7286,18.3957],[-96.7292,18.3749],[-96.7002,18.3829],[-96.6963,18.3649],[-96.6816,18.3756],[-96.681,18.4122],[-96.7059,18.4229],[-96.7044,18.4524],[-96.6841,18.4742],[-96.6824,18.4997],[-96.7029,18.5103],[-96.7062,18.5263],[-96.7269,18.5298],[-96.6909,18.568],[-96.6938,18.5912],[-96.6722,18.6186],[-96.6841,18.6443],[-96.6833,18.6693],[-96.6282,18.6319],[-96.5842,18.6021],[-96.5612,18.5878],[-96.5088,18.5894],[-96.4572,18.5703],[-96.4551,18.5495],[-96.4203,18.5079],[-96.4002,18.4445],[-96.3838,18.4241],[-96.3522,18.4066],[-96.3473,18.3823],[-96.3196,18.3583],[-96.3135,18.3281],[-96.3018,18.318],[-96.2944,18.3124],[-96.2775,18.2937],[-96.2737,18.2757],[-96.2867,18.2641],[-96.2668,18.2457],[-96.2658,18.2431],[-96.2661,18.2385],[-96.2683,18.2255],[-96.231,18.1897],[-96.2175,18.162],[-96.2031,18.1749],[-96.1714,18.1864],[-96.1864,18.1672],[-96.1797,18.1406],[-96.1497,18.1316],[-96.1241,18.1404],[-96.1143,18.1641],[-96.0839,18.1618]]]},"properties":{"cve":"30","municipio":"","estado":"Veracruz de Ignacio de la Llave","robos":59,"con_violencia":36,"indice":77.0,"nivel":2,"periodo":"ene-ago 2026","escala":"estatal"}},{"type":"Feature","geometry":{"type":"Polygon","coordinates":[[[-102.2335,23.0249],[-102.2381,23.0476],[-102.2601,23.0459],[-102.2513,23.0716],[-102.2142,23.1313],[-102.241,23.1694],[-102.2395,23.2095],[-102.2894,23.2317],[-102.2858,23.2733],[-102.2547,23.2808],[-102.296,23.3205],[-102.2683,23.3423],[-102.2536,23.365],[-102.2382,23.4469],[-102.1936,23.4476],[-102.1913,23.4014],[-102.1686,23.3989],[-102.1688,23.361],[-102.1225,23.3539],[-102.0119,23.3727],[-101.7751,23.4476],[-101.4667,23.6937],[-101.3404,23.7972],[-101.327,23.8127],[-101.2481,23.8764],[-101.1926,23.9186],[-101.2094,24.0869],[-101.2167,24.1597],[-101.1732,24.1641],[-101.0654,24.207],[-101.0127,24.3908],[-100.9873,24.4325],[-100.9879,24.4178],[-101.0099,24.3851],[-101.0067,24.3358],[-100.9453,24.2812],[-100.8504,24.3435],[-100.7423,24.4604],[-100.7999,24.5562],[-100.8104,24.5516],[-100.8478,24.5556],[-100.9022,24.5839],[-100.9588,24.5427],[-101.0805,24.5912],[-101.1276,24.6234],[-101.1646,24.6816],[-101.179,24.733],[-101.2017,24.7655],[-101.3131,24.8014],[-101.3421,24.8134],[-101.4022,24.7882],[-101.4127,24.7721],[-101.4486,24.7462],[-101.4616,24.7368],[-101.4917,24.7438],[-101.5406,24.7456],[-101.5978,24.754],[-101.6004,24.7544],[-101.6223,24.759],[-101.6408,24.8007],[-101.609,24.7897],[-101.6013,24.8356],[-101.6563,24.8608],[-101.6851,24.84],[-101.7735,24.8755],[-101.8319,24.9722],[-101.8488,25.0176],[-102.0818,25.0707],[-102.2376,25.1185],[-102.2955,25.1252],[-102.4633,25.1159],[-102.4537,25.0481],[-102.4468,24.9995],[-102.6697,25.0666],[-102.6289,25.0083],[-102.643,24.9786],[-102.673,24.9788],[-102.6731,24.9428],[-102.5662,24.9022],[-102.5654,24.8664],[-102.5492,24.8299],[-102.5122,24.7097],[-102.4946,24.6126],[-102.4798,24.4904],[-102.487,24.4442],[-102.48,24.4282],[-102.5201,24.4239],[-102.5339,24.4077],[-102.6066,24.4112],[-102.6115,24.4004],[-102.6624,24.3816],[-102.704,24.3741],[-102.7516,24.3758],[-102.7889,24.4062],[-102.8124,24.3895],[-102.8308,24.3852],[-102.8459,24.3981],[-102.8606,24.4345],[-102.8915,24.4608],[-102.9014,24.4286],[-102.9674,24.4577],[-102.9836,24.4333],[-103.0432,24.4665],[-103.0751,24.4226],[-103.0875,24.436],[-103.0985,24.4016],[-103.1395,24.4285],[-103.166,24.4353],[-103.1873,24.4233],[-103.2024,24.4214],[-103.2228,24.4171],[-103.234,24.4358],[-103.2535,24.4473],[-103.2822,24.4293],[-103.3059,24.4339],[-103.33,24.4282],[-103.3862,24.423],[-103.412,24.4271],[-103.4289,24.4117],[-103.4254,24.3794],[-103.4331,24.3584],[-103.4367,24.3474],[-103.4624,24.3206],[-103.4842,24.3181],[-103.4861,24.3001],[-103.5081,24.2877],[-103.5477,24.2915],[-103.5683,24.2864],[-103.5632,24.2572],[-103.5586,24.2438],[-103.5655,24.2114],[-103.5595,24.1941],[-103.6058,24.1512],[-103.622,24.1175],[-103.636,24.1103],[-103.6604,24.1493],[-103.6952,24.1303],[-103.7456,24.089],[-103.8103,24.0401],[-103.8133,24.022],[-103.8431,24.027],[-103.8503,23.9888],[-103.8339,23.9696],[-103.8184,23.9649],[-103.8308,23.9078],[-103.8531,23.8746],[-103.8478,23.861],[-103.8326,23.8489],[-103.8312,23.8247],[-103.8161,23.8077],[-103.8624,23.7526],[-103.841,23.7013],[-103.8511,23.6796],[-103.7851,23.6766],[-103.7935,23.6309],[-103.8113,23.6136],[-103.8492,23.6401],[-103.8774,23.629],[-103.8791,23.6116],[-103.8905,23.5797],[-103.9163,23.5657],[-103.9628,23.5299],[-104.0242,23.4945],[-104.0651,23.4635],[-104.0863,23.3986],[-104.1112,23.3512],[-104.1144,23.3172],[-104.1202,23.2868],[-104.129,23.1822],[-104.1721,23.1284],[-104.1736,22.9824],[-104.1628,22.9749],[-104.1653,22.9418],[-104.1511,22.9221],[-104.1348,22.9157],[-104.1119,22.8884],[-104.1063,22.8569],[-104.1157,22.8484],[-104.1101,22.823],[-104.0947,22.8002],[-104.0907,22.7753],[-104.1194,22.7623],[-104.1377,22.7681],[-104.1822,22.7583],[-104.1914,22.7707],[-104.221,22.7794],[-104.2373,22.7498],[-104.2663,22.7365],[-104.2637,22.7168],[-104.2776,22.7024],[-104.2744,22.6849],[-104.2891,22.6493],[-104.2693,22.6358],[-104.2761,22.6157],[-104.2603,22.5952],[-104.2889,22.5609],[-104.3057,22.5579],[-104.3227,22.533],[-104.3144,22.5071],[-104.2961,22.473],[-104.3148,22.4488],[-104.3202,22.4301],[-104.3488,22.4097],[-104.35,22.3864],[-104.3253,22.3807],[-104.2931,22.3651],[-104.2926,22.3443],[-104.2579,22.3477],[-104.2544,22.3925],[-104.241,22.4128],[-104.2088,22.4225],[-104.1777,22.3896],[-104.1646,22.3924],[-104.1775,22.4233],[-104.1716,22.4431],[-104.1908,22.446],[-104.1868,22.4663],[-104.2023,22.4887],[-104.1895,22.5078],[-104.1557,22.5154],[-104.1431,22.5047],[-104.1027,22.5314],[-104.0799,22.5332],[-104.0688,22.522],[-104.0712,22.5024],[-104.0548,22.4894],[-104.0516,22.4667],[-104.0622,22.4513],[-104.0807,22.3909],[-104.0949,22.3763],[-104.0973,22.3578],[-104.0675,22.3614],[-104.0488,22.3764],[-104.0232,22.3645],[-103.9918,22.4111],[-103.9587,22.4511],[-103.9386,22.4627],[-103.9312,22.4767],[-103.9417,22.5022],[-103.9848,22.5191],[-104.0056,22.5366],[-103.9839,22.5541],[-103.9889,22.5925],[-104.0181,22.597],[-104.0332,22.6322],[-104.0155,22.6689],[-104.0466,22.6842],[-104.0642,22.707],[-104.0477,22.7122],[-104.0257,22.7433],[-103.9919,22.748],[-103.9329,22.7453],[-103.91,22.7501],[-103.8983,22.7283],[-103.8751,22.7372],[-103.8541,22.7298],[-103.7814,22.7298],[-103.7548,22.7195],[-103.7513,22.695],[-103.7632,22.677],[-103.7587,22.6584],[-103.7685,22.6433],[-103.7617,22.6271],[-103.7735,22.6115],[-103.8196,22.5956],[-103.8553,22.575],[-103.8538,22.5498],[-103.8669,22.5447],[-103.8752,22.5216],[-103.8623,22.5019],[-103.8697,22.4737],[-103.8812,22.4747],[-103.8873,22.4321],[-103.866,22.4152],[-103.8826,22.4016],[-103.926,22.3316],[-103.9112,22.2844],[-103.9175,22.2645],[-103.9017,22.2371],[-103.887,22.2271],[-103.8731,22.1784],[-103.8622,22.1718],[-103.8441,22.2221],[-103.8452,22.2614],[-103.8292,22.2899],[-103.8461,22.331],[-103.8454,22.3428],[-103.8112,22.3767],[-103.8063,22.4418],[-103.7838,22.4879],[-103.7843,22.5063],[-103.7691,22.5558],[-103.7445,22.5585],[-103.7266,22.5741],[-103.7115,22.5645],[-103.6628,22.548],[-103.6353,22.5601],[-103.6102,22.5595],[-103.5919,22.5028],[-103.5812,22.4986],[-103.5715,22.4692],[-103.5722,22.4411],[-103.5606,22.4231],[-103.594,22.4072],[-103.5928,22.3893],[-103.6067,22.3383],[-103.635,22.3435],[-103.645,22.3178],[-103.6378,22.2952],[-103.6192,22.2818],[-103.5997,22.2777],[-103.6309,22.2389],[-103.6491,22.2021],[-103.661,22.167],[-103.6908,22.1283],[-103.6717,22.1088],[-103.648,22.1005],[-103.6285,22.1063],[-103.6047,22.0979],[-103.5803,22.1257],[-103.5585,22.1365],[-103.5382,22.1214],[-103.5158,22.129],[-103.5159,22.1099],[-103.5016,22.1056],[-103.4769,22.1141],[-103.4496,22.1144],[-103.43,22.1356],[-103.426,22.1746],[-103.409,22.2154],[-103.3857,22.2125],[-103.383,22.227],[-103.3377,22.2452],[-103.3119,22.2333],[-103.2991,22.2491],[-103.3121,22.2589],[-103.2978,22.2983],[-103.3277,22.3074],[-103.3384,22.2875],[-103.3525,22.2813],[-103.351,22.3247],[-103.3626,22.3364],[-103.3647,22.3695],[-103.3054,22.3904],[-103.2858,22.4128],[-103.2596,22.4113],[-103.2347,22.3968],[-103.2196,22.4105],[-103.1894,22.3902],[-103.1709,22.3847],[-103.1687,22.3557],[-103.1941,22.332],[-103.2101,22.3283],[-103.2204,22.2964],[-103.2144,22.2775],[-103.1906,22.2985],[-103.099,22.2923],[-103.083,22.2771],[-103.0787,22.2582],[-103.0576,22.2379],[-103.0583,22.2228],[-103.1061,22.1914],[-103.1014,22.1786],[-103.1087,22.1534],[-103.0776,22.1357],[-103.0845,22.114],[-103.1042,22.1012],[-103.1266,22.104],[-103.1543,22.0722],[-103.1079,22.0634],[-103.1062,22.047],[-103.11,22.0174],[-103.1328,22.003],[-103.1437,22.008],[-103.1725,21.9966],[-103.1918,21.9982],[-103.1931,21.9696],[-103.2215,21.968],[-103.2451,21.9772],[-103.2647,21.9718],[-103.2786,21.9897],[-103.3101,21.9591],[-103.3387,21.9423],[-103.3453,21.9144],[-103.3748,21.9137],[-103.3892,21.8987],[-103.4084,21.9076],[-103.419,21.8962],[-103.4517,21.8527],[-103.4585,21.8352],[-103.4947,21.8229],[-103.5028,21.8331],[-103.5315,21.8174],[-103.5261,21.8051],[-103.5726,21.8035],[-103.5691,21.7886],[-103.5404,21.7706],[-103.5288,21.7732],[-103.5091,21.7418],[-103.5267,21.6756],[-103.5487,21.6499],[-103.5555,21.6341],[-103.5455,21.5882],[-103.5547,21.5766],[-103.5915,21.5891],[-103.5967,21.5655],[-103.6216,21.5584],[-103.6449,21.5765],[-103.6736,21.5549],[-103.6864,21.5565],[-103.6901,21.5496],[-103.6798,21.5112],[-103.6914,21.4961],[-103.7004,21.4682],[-103.6693,21.4657],[-103.6535,21.4359],[-103.6342,21.4393],[-103.6243,21.4185],[-103.5957,21.3926],[-103.5817,21.4268],[-103.5483,21.4405],[-103.5147,21.3964],[-103.5039,21.3768],[-103.5233,21.352],[-103.5581,21.3482],[-103.5844,21.3354],[-103.603,21.3491],[-103.6634,21.3383],[-103.6822,21.3188],[-103.7032,21.3259],[-103.7208,21.308],[-103.7162,21.2679],[-103.6899,21.2854],[-103.6658,21.2906],[-103.6351,21.2832],[-103.6413,21.2595],[-103.6402,21.2221],[-103.6535,21.2087],[-103.6245,21.1931],[-103.6114,21.1787],[-103.6146,21.1582],[-103.6042,21.1537],[-103.5917,21.1286],[-103.5701,21.1178],[-103.534,21.1307],[-103.5146,21.1447],[-103.5041,21.1277],[-103.4688,21.1435],[-103.4351,21.142],[-103.4232,21.1241],[-103.3957,21.0976],[-103.3976,21.085],[-103.3684,21.0567],[-103.347,21.0442],[-103.3285,21.0553],[-103.2798,21.0568],[-103.2615,21.0634],[-103.2582,21.0831],[-103.2326,21.0791],[-103.2091,21.0941],[-103.1901,21.086],[-103.1834,21.0719],[-103.1533,21.0697],[-103.126,21.0548],[-103.0746,21.0743],[-103.0583,21.0985],[-103.0728,21.0983],[-103.0986,21.1312],[-103.0807,21.1383],[-103.0713,21.1534],[-103.0836,21.1821],[-103.0699,21.2319],[-103.0496,21.2634],[-103.0451,21.2492],[-102.9895,21.2567],[-102.9781,21.2405],[-102.9499,21.2345],[-102.9478,21.2146],[-102.9107,21.2052],[-102.903,21.2352],[-102.8774,21.2368],[-102.8636,21.2529],[-102.8488,21.2932],[-102.8371,21.3034],[-102.8155,21.2945],[-102.8176,21.3185],[-102.7837,21.3295],[-102.7739,21.3168],[-102.7553,21.3232],[-102.7578,21.3392],[-102.728,21.3571],[-102.7291,21.3874],[-102.7133,21.3798],[-102.7006,21.3613],[-102.7001,21.3457],[-102.6818,21.3392],[-102.6426,21.3672],[-102.6415,21.3865],[-102.6526,21.4059],[-102.655,21.4401],[-102.6369,21.4589],[-102.6488,21.4748],[-102.6248,21.5014],[-102.6422,21.5187],[-102.642,21.5359],[-102.6975,21.5491],[-102.6951,21.5729],[-102.7175,21.5715],[-102.7374,21.5868],[-102.7638,21.5958],[-102.7836,21.6598],[-102.8028,21.6675],[-102.8053,21.671],[-102.7792,21.6792],[-102.7615,21.6929],[-102.7477,21.716],[-102.7453,21.7201],[-102.7923,21.755],[-102.8169,21.7665],[-102.8324,21.7979],[-102.8533,21.7991],[-102.8473,21.8334],[-102.8581,21.8332],[-102.8684,21.8605],[-102.8556,21.8845],[-102.8435,21.9264],[-102.8055,21.9963],[-102.7816,22.0286],[-102.761,22.0463],[-102.7558,22.0737],[-102.6935,22.1047],[-102.6863,22.137],[-102.6694,22.1596],[-102.6759,22.1756],[-102.6458,22.2043],[-102.6414,22.2284],[-102.67,22.2457],[-102.6687,22.2919],[-102.6121,22.2915],[-102.527,22.2909],[-102.5013,22.3043],[-102.4702,22.3092],[-102.4622,22.3228],[-102.4712,22.3363],[-102.4656,22.3502],[-102.3879,22.3641],[-102.3784,22.3609],[-102.3593,22.385],[-102.3214,22.3885],[-102.321,22.4183],[-102.3118,22.4569],[-102.2983,22.4596],[-102.2899,22.42],[-102.2709,22.4118],[-102.2503,22.3872],[-102.2532,22.3745],[-102.212,22.3727],[-102.189,22.3624],[-102.1621,22.3485],[-102.1498,22.3472],[-102.1532,22.2904],[-102.1241,22.287],[-102.0896,22.289],[-102.0756,22.3061],[-102.03,22.2855],[-102.022,22.2443],[-102.0025,22.2414],[-101.9994,22.2195],[-102.001,22.1681],[-102.0171,22.154],[-102.0259,22.1298],[-101.986,22.1208],[-101.9676,22.1112],[-101.8643,22.0415],[-101.8617,22.0289],[-101.8157,22.02],[-101.8019,22.0278],[-101.7848,22.0227],[-101.7776,22.0073],[-101.751,22.0146],[-101.7323,21.9951],[-101.6829,21.9629],[-101.6591,21.9416],[-101.6507,21.9077],[-101.6204,21.9186],[-101.5698,21.9171],[-101.5614,21.8361],[-101.5482,21.8341],[-101.5371,21.8106],[-101.522,21.818],[-101.5105,21.7991],[-101.4963,21.8099],[-101.5035,21.8301],[-101.4861,21.8419],[-101.4832,21.8677],[-101.4665,21.8802],[-101.4102,21.9087],[-101.4304,21.9323],[-101.4052,21.9485],[-101.3997,21.9637],[-101.3605,21.9952],[-101.3524,22.0131],[-101.3828,22.0207],[-101.3745,22.0414],[-101.3541,22.0448],[-101.3508,22.0878],[-101.3294,22.1356],[-101.3413,22.1521],[-101.3513,22.1768],[-101.3243,22.2099],[-101.3529,22.2292],[-101.37,22.2533],[-101.398,22.2824],[-101.3985,22.2939],[-101.4351,22.3415],[-101.433,22.3633],[-101.3819,22.3575],[-101.3736,22.4396],[-101.3748,22.4565],[-101.3137,22.4535],[-101.3154,22.4696],[-101.2857,22.5079],[-101.2941,22.527],[-101.2883,22.5622],[-101.3057,22.6099],[-101.3162,22.6175],[-101.3369,22.6588],[-101.3594,22.6535],[-101.38,22.6758],[-101.3657,22.692],[-101.3601,22.7143],[-101.4111,22.7477],[-101.4912,22.7419],[-101.497,22.7015],[-101.5674,22.6568],[-101.5738,22.6128],[-101.5953,22.6239],[-101.5901,22.589],[-101.656,22.5138],[-101.6747,22.5065],[-101.696,22.5204],[-101.7462,22.5087],[-101.7354,22.4802],[-101.7715,22.4882],[-101.7834,22.465],[-101.7978,22.4701],[-101.7993,22.4706],[-101.8371,22.4997],[-101.8199,22.5513],[-101.873,22.5631],[-101.8533,22.656],[-101.9398,22.6457],[-101.9461,22.6504],[-101.9482,22.652],[-102.1249,22.783],[-102.1921,22.8649],[-102.197,22.8826],[-102.2282,22.9965],[-102.2335,23.0249]]]},"properties":{"cve":"32","municipio":"","estado":"Zacatecas","robos":6,"con_violencia":1,"indice":6.5,"nivel":1,"periodo":"ene-ago 2026","escala":"estatal"}}]}